sample,t_sec,ecg
sample_0,0.0,0.0
sample_0,0.1,0.0
sample_0,0.2,0.0
sample_0,0.3,0.0
sample_0,0.4,0.0
sample_0,0.5,0.0
sample_0,0.6000000000000001,0.0
sample_0,0.7000000000000001,0.0
sample_0,0.8,0.0
sample_0,0.9,0.0
sample_0,1.0,0.0123519796995185
sample_0,1.1,0.0446314068783469
sample_0,1.2000000000000002,-0.0899575350180164
sample_0,1.3,-0.031056153683675
sample_0,1.4,0.0390982942305869
sample_0,1.5,0.0
sample_0,1.6,0.0
sample_0,1.7000000000000002,0.0
sample_0,1.8,0.0
sample_0,1.9,0.0
sample_0,2.0,0.0081435391421371
sample_0,2.1,0.0648357384369733
sample_0,2.2,-0.0530794686402612
sample_0,2.3000000000000003,-0.2736618724529178
sample_0,2.4000000000000004,0.0047199157094178
sample_0,2.5,0.5840741303409545
sample_0,2.6,0.0535878001199622
sample_0,2.7,-0.3985116635432558
sample_0,2.8000000000000003,-0.1917905904772214
sample_0,2.9000000000000004,-0.0001081989346583
sample_0,3.0,0.0079646438012361
sample_0,3.1,0.0637725302582337
sample_0,3.2,-0.0512533690193941
sample_0,3.3000000000000003,-0.2707363500871144
sample_0,3.4000000000000004,0.0020222202982063
sample_0,3.5,0.5797083275873427
sample_0,3.6,0.0545943143751045
sample_0,3.7,-0.3953989899060691
sample_0,3.8,-0.1914664519148731
sample_0,3.9,-0.0005189451644348
sample_0,4.0,0.093428270575615
sample_0,4.1000000000000005,0.2170776977250621
sample_0,4.2,-0.0033319287778221
sample_0,4.3,-0.0720783821224091
sample_0,4.4,-0.0843470604015296
sample_0,4.5,0.5872156732006172
sample_0,4.6000000000000005,0.053388491967779
sample_0,4.7,-0.4010822642915589
sample_0,4.800000000000001,-0.1902028910625954
sample_0,4.9,0.0011554966945683
sample_0,5.0,0.0823805636328878
sample_0,5.1000000000000005,0.216604671067152
sample_0,5.2,0.0165974578048414
sample_0,5.300000000000001,-0.0676035650335977
sample_0,5.4,-0.0977393606267796
sample_0,5.5,-0.0677998474432758
sample_0,5.6000000000000005,0.2362931842865603
sample_0,5.7,0.0418751710993367
sample_0,5.800000000000001,-0.3379575663940902
sample_0,5.9,-0.1241531829517294
sample_0,6.0,0.073915978217026
sample_0,6.1000000000000005,0.2148516542468809
sample_0,6.2,0.0304449402199538
sample_0,6.300000000000001,-0.0628186329239816
sample_0,6.4,-0.105697151020159
sample_0,6.5,-0.0799499017907328
sample_0,6.6000000000000005,0.2357758834009033
sample_0,6.7,0.0562167053764034
sample_0,6.800000000000001,-0.3360102551241387
sample_0,6.9,-0.1306987872123199
sample_0,7.0,0.3608649574864983
sample_0,7.1000000000000005,0.0898961036846616
sample_0,7.2,-0.0519677138044912
sample_0,7.300000000000001,0.2098647454014913
sample_0,7.4,-0.1782754275852618
sample_0,7.5,-0.0897691033656176
sample_0,7.6,0.2368811622042737
sample_0,7.7,0.0657279820559048
sample_0,7.800000000000001,-0.3361105561295855
sample_0,7.9,-0.1340612025360062
sample_0,8.0,0.3618273188131477
sample_0,8.1,0.0876755591059997
sample_0,8.200000000000001,-0.0550511138883548
sample_0,8.3,0.2182739914020932
sample_0,8.4,-0.1752234305305155
sample_0,8.5,-0.5945978379836592
sample_0,8.6,0.1276131228757131
sample_0,8.700000000000001,0.5366064436535853
sample_0,8.8,-0.0215109132130253
sample_0,8.9,-0.1617332013741211
sample_0,9.0,0.3610716514154868
sample_0,9.1,0.0851244336268272
sample_0,9.2,-0.0583765329395402
sample_0,9.3,0.2336762741785803
sample_0,9.4,-0.1716413557353468
sample_0,9.5,-0.6127396778917176
sample_0,9.6,0.1233442517038232
sample_0,9.7,0.6973376592780506
sample_0,9.8,-0.1035561922298824
sample_0,9.9,-0.6759836533890526
sample_0,10.0,0.0167010743232337
sample_0,10.1,0.4388373579707034
sample_0,10.2,0.2304742434242057
sample_0,10.3,0.3690477512573881
sample_0,10.4,0.0156248534300679
sample_0,10.5,-0.4628147163058436
sample_0,10.6,-0.2225147481024214
sample_0,10.7,0.078911472354067
sample_0,10.8,0.5617856889091402
sample_0,10.9,0.4057300473778713
sample_0,11.0,-0.0883038083760747
sample_0,11.1,-0.5661863180263738
sample_0,11.2,-0.4775583980433406
sample_0,11.3,0.4633257365856772
sample_0,11.4,0.5894144243466256
sample_0,11.5,-0.3808467183915439
sample_0,11.6,-0.601410489291001
sample_0,11.7,0.1586281561122478
sample_0,11.8,0.5865176364263494
sample_0,11.9,0.1667597346425171
sample_0,12.0,-0.4521528353350226
sample_0,12.1,-0.6502519304641513
sample_0,12.2,-0.1795653777641539
sample_0,12.3,0.4650634966553213
sample_0,12.4,0.3978096643266872
sample_0,12.5,-0.3278952541585966
sample_0,12.6,-0.4627428532366361
sample_0,12.7,0.1515580808323134
sample_0,12.8,0.5427690926912833
sample_0,12.9,0.1618357935877009
sample_0,13.0,-0.2463864682649343
sample_0,13.1,-0.1785885953039613
sample_0,13.2,-0.1361804352821038
sample_0,13.3,-0.1509681621265344
sample_0,13.4,0.1052311192859021
sample_0,13.5,-0.3469752494532638
sample_0,13.6,-0.515721084171655
sample_0,13.7,0.13676938359385
sample_0,13.8,0.527015662051868
sample_0,13.9,0.1704256946107442
sample_0,14.0,-0.2036568921750983
sample_0,14.1,-0.1601722147507872
sample_0,14.2,-0.1521848745113392
sample_0,14.3,-0.15570322676502
sample_0,14.4,0.0984839426203851
sample_0,14.5,0.328972472401185
sample_0,14.6,-0.0112597245612012
sample_0,14.7,-0.0407608622403832
sample_0,14.8,0.1385536686662893
sample_0,14.9,-0.3343375114546928
sample_0,15.0,-0.1971347121482443
sample_0,15.1,-0.1734156673135601
sample_0,15.2,-0.1668621651237581
sample_0,15.3,-0.1462862265613451
sample_0,15.4,0.1092168779987197
sample_0,15.5,0.322449888043484
sample_0,15.6,-0.0135129660276909
sample_0,15.7,-0.0317683959483677
sample_0,15.8,0.1379738043209058
sample_0,15.9,-0.3393057132595611
sample_0,16.0,-0.5750068763199381
sample_0,16.1,0.3850967747013532
sample_0,16.2,0.8987322664533812
sample_0,16.3,-0.0489893723523742
sample_0,16.400000000000002,-0.6816089197756924
sample_0,16.5,0.1463664997121703
sample_0,16.6,-0.0386425628246574
sample_0,16.7,0.0577956577670392
sample_0,16.8,0.2203296902944315
sample_0,16.900000000000002,-0.2778602822358698
sample_0,17.0,-0.5425648786581564
sample_0,17.1,0.3516769972299563
sample_0,17.2,0.8408528987233173
sample_0,17.3,-0.0896266171751333
sample_0,17.400000000000002,-0.7046097921599278
sample_0,17.5,-0.0485804051783244
sample_0,17.6,0.2256300768455034
sample_0,17.7,-0.1169654743507066
sample_0,17.8,-0.1450065463859668
sample_0,17.900000000000002,0.2644428595873259
sample_0,18.0,-0.536644396842424
sample_0,18.1,0.3455993654916884
sample_0,18.2,0.8387875228460406
sample_0,18.3,-0.0879919884268651
sample_0,18.4,-0.7176532896411623
sample_0,18.5,-0.0462595730719106
sample_0,18.6,0.24499290156765
sample_0,18.7,-0.1168495661745654
sample_0,18.8,-0.1597059134626322
sample_0,18.9,0.2659739257279815
sample_0,19.0,0.3282288810181547
sample_0,19.1,-0.1514220100246016
sample_0,19.200000000000003,-0.3804668630384784
sample_0,19.3,0.2007831241577114
sample_0,19.4,0.4196092158536939
sample_0,19.5,-0.0504734282932181
sample_0,19.6,0.2545519836309621
sample_0,19.700000000000003,-0.1108640410032451
sample_0,19.8,-0.1634961243001437
sample_0,19.9,0.2644090844839061
sample_0,20.0,0.3270809857435099
sample_0,20.1,-0.1576388933065777
sample_0,20.200000000000003,-0.377601532058099
sample_0,20.3,0.2103211944946743
sample_0,20.4,0.4153841741456193
sample_0,20.5,-0.4158850591988879
sample_0,20.6,-0.5675100433086857
sample_0,20.700000000000003,0.1535093275891757
sample_0,20.8,0.7154079056707995
sample_0,20.9,0.3747709196197823
sample_0,21.0,0.3333126675344864
sample_0,21.1,-0.1643752878161745
sample_0,21.200000000000003,-0.3769645222863389
sample_0,21.3,0.2199020834683349
sample_0,21.4,0.4086671066505092
sample_0,21.5,-0.4263622418387975
sample_0,21.6,-0.5565149398091537
sample_0,21.700000000000003,0.1666850682127703
sample_0,21.8,0.6990535315711769
sample_0,21.9,0.362923702337884
sample_0,22.0,-0.5185087027632401
sample_0,22.1,-0.5319097904455651
sample_0,22.200000000000003,0.1596211118063205
sample_0,22.3,0.3570188007374563
sample_0,22.4,-0.2943305375562438
sample_0,22.5,-0.368006518460183
sample_0,22.6,-0.387013114228424
sample_0,22.700000000000003,0.3374122319030408
sample_0,22.8,0.0965663496676885
sample_0,22.9,0.1964021185642524
sample_0,23.0,0.6505509735585956
sample_0,23.1,-0.2404032612571368
sample_0,23.200000000000003,-0.95483085331168
sample_0,23.3,-0.1906251741992065
sample_0,23.4,0.1116107322561025
sample_0,23.5,0.1763055546540475
sample_0,23.6,0.734278511497498
sample_0,23.700000000000003,0.2968547480787006
sample_0,23.8,-0.3204814167925393
sample_0,23.9,-0.3555698137587426
sample_0,24.0,0.6618319120115697
sample_0,24.1,-0.055250570295182
sample_0,24.200000000000003,-1.0
sample_0,24.3,-0.7511633676683901
sample_0,24.4,0.2032925900819476
sample_0,24.5,0.9154104286952848
sample_0,24.6,0.8702974031285288
sample_0,24.700000000000003,-0.1614063942281825
sample_0,24.8,-0.5777118496863956
sample_0,24.9,-0.3620140118429044
sample_0,25.0,-0.385654724314829
sample_0,25.1,-0.0830442188074655
sample_0,25.200000000000003,0.471911513434081
sample_0,25.3,0.4412537469339592
sample_0,25.4,0.0415628929085005
sample_0,25.5,0.9151335429312564
sample_0,25.6,0.8707886920630286
sample_0,25.700000000000003,-0.1607549363674895
sample_0,25.8,-0.5763006811195717
sample_0,25.9,-0.3617632188962026
sample_0,26.0,-0.3871135230554301
sample_0,26.1,-0.0837767045698981
sample_0,26.200000000000003,0.4722734704083192
sample_0,26.3,0.4412572511346332
sample_0,26.4,0.0415433232955055
sample_0,26.5,-0.0756849391503639
sample_0,26.6,-0.0534194097998799
sample_0,26.700000000000003,-0.1775625788242986
sample_0,26.8,-0.3326709136141215
sample_0,26.9,-0.008882663511664
sample_1,0.0,0.0
sample_1,0.1,0.0
sample_1,0.2,0.0
sample_1,0.3,0.0
sample_1,0.4,0.0
sample_1,0.5,0.0
sample_1,0.6000000000000001,0.0
sample_1,0.7000000000000001,0.0
sample_1,0.8,0.0
sample_1,0.9,0.0
sample_1,1.0,0.0045082751958927
sample_1,1.1,0.0672070393033224
sample_1,1.2000000000000002,-0.0028823796503785
sample_1,1.3,-0.3091568065094714
sample_1,1.4,-0.0483270003868421
sample_1,1.5,0.0
sample_1,1.6,0.0
sample_1,1.7000000000000002,0.0
sample_1,1.8,0.0
sample_1,1.9,0.0
sample_1,2.0,0.0049682969520356
sample_1,2.1,0.0897784064818457
sample_1,2.2,-0.0749053089865353
sample_1,2.3000000000000003,-0.2928482616976572
sample_1,2.4000000000000004,0.1997525351313064
sample_1,2.5,0.1414385798742619
sample_1,2.6,-0.0786003756602728
sample_1,2.7,0.3865591946531103
sample_1,2.8000000000000003,0.1695697810128356
sample_1,2.9000000000000004,-0.7711226170259036
sample_1,3.0,0.0054726669818751
sample_1,3.1,0.093225774475574
sample_1,3.2,-0.0800133154259559
sample_1,3.3000000000000003,-0.3039929679833686
sample_1,3.4000000000000004,0.2087014448408788
sample_1,3.5,0.1574668080428626
sample_1,3.6,-0.0817904612794073
sample_1,3.7,0.3750301642290681
sample_1,3.8,0.1676458479015768
sample_1,3.9,-0.7730599621708707
sample_1,4.0,-0.5484165167191021
sample_1,4.1000000000000005,0.3033988046126707
sample_1,4.2,0.4959530601430534
sample_1,4.3,0.3513809975428743
sample_1,4.4,0.2363767653011263
sample_1,4.5,0.1659989426589824
sample_1,4.6000000000000005,-0.0834782578086813
sample_1,4.7,0.3685677222399679
sample_1,4.800000000000001,0.1681334601155922
sample_1,4.9,-0.7741923797449308
sample_1,5.0,-0.5508675787260685
sample_1,5.1000000000000005,0.3081076617347381
sample_1,5.2,0.502832251532055
sample_1,5.300000000000001,0.3490069134151991
sample_1,5.4,0.2288926449434885
sample_1,5.5,-0.1392913184162741
sample_1,5.6000000000000005,-0.6565666858648881
sample_1,5.7,-0.3157304758815663
sample_1,5.800000000000001,0.3119735648301738
sample_1,5.9,0.0794865205464134
sample_1,6.0,-0.5447005611882672
sample_1,6.1000000000000005,0.3220560226300576
sample_1,6.2,0.5076970685096959
sample_1,6.300000000000001,0.3323626309703077
sample_1,6.4,0.218690249646765
sample_1,6.5,-0.1304614726228018
sample_1,6.6000000000000005,-0.6437074746034663
sample_1,6.7,-0.3136580340445719
sample_1,6.800000000000001,0.3035874980524288
sample_1,6.9,0.0646098259539399
sample_1,7.0,-0.1667798210659987
sample_1,7.1000000000000005,0.4944843139842393
sample_1,7.2,0.6507065521022053
sample_1,7.300000000000001,-0.464848704037834
sample_1,7.4,-0.9262208650545916
sample_1,7.5,-0.1235059199997369
sample_1,7.6,-0.6343761420783492
sample_1,7.7,-0.3106495761386251
sample_1,7.800000000000001,0.2995085440307303
sample_1,7.9,0.0548826971198967
sample_1,8.0,-0.1681335628897968
sample_1,8.1,0.5065711257105294
sample_1,8.200000000000001,0.6505611779897119
sample_1,8.3,-0.4733331257294399
sample_1,8.4,-0.9262932180946732
sample_1,8.5,-0.0867530422192321
sample_1,8.6,0.5335879975350635
sample_1,8.700000000000001,0.2524051219374829
sample_1,8.8,-0.0359420535396052
sample_1,8.9,0.0402457490533468
sample_1,9.0,-0.1768901306753457
sample_1,9.1,0.5151785681251149
sample_1,9.2,0.6551881240706643
sample_1,9.3,-0.4781463500563408
sample_1,9.4,-0.9288571261783576
sample_1,9.5,-0.0876507748969483
sample_1,9.6,0.535016250657241
sample_1,9.7,0.2594324366489525
sample_1,9.8,-0.0366078376841765
sample_1,9.9,0.0335867642446075
sample_1,10.0,0.1005437474846013
sample_1,10.1,-0.1419810735135664
sample_1,10.2,-0.3110156321620774
sample_1,10.3,-0.1846013563317337
sample_1,10.4,0.1804964775169094
sample_1,10.5,-0.0886798530082215
sample_1,10.6,0.534111529333608
sample_1,10.7,0.2602909866611415
sample_1,10.8,-0.03391501220752
sample_1,10.9,0.0336457694848586
sample_1,11.0,0.0963840643251414
sample_1,11.1,-0.1430763382126414
sample_1,11.2,-0.3069849563230185
sample_1,11.3,-0.1824610578261118
sample_1,11.4,0.1778340346645059
sample_1,11.5,0.4744731485946449
sample_1,11.6,-0.0471166028849952
sample_1,11.7,-0.2121244810416535
sample_1,11.8,0.1471446807977087
sample_1,11.9,-0.1342713637766971
sample_1,12.0,0.1072577036460588
sample_1,12.1,-0.141900036053191
sample_1,12.2,-0.3174113736923524
sample_1,12.3,-0.185181285475086
sample_1,12.4,0.1831799633877173
sample_1,12.5,0.4770894715227067
sample_1,12.6,-0.0517516424345646
sample_1,12.7,-0.21164087702162
sample_1,12.8,0.1555430933267886
sample_1,12.9,-0.1350574451278244
sample_1,13.0,-0.3657705167117023
sample_1,13.1,-0.0079797489596167
sample_1,13.2,0.2253142269920415
sample_1,13.3,0.3074692283753824
sample_1,13.4,0.2616152065946507
sample_1,13.5,0.5064716402804174
sample_1,13.6,0.1086631152012504
sample_1,13.7,-0.5005670566742185
sample_1,13.8,-0.2738225724630085
sample_1,13.9,0.2910257410328479
sample_1,14.0,0.2480101372364509
sample_1,14.1,-0.1329730172492114
sample_1,14.2,-0.1954727346201486
sample_1,14.3,0.1451181790301979
sample_1,14.4,0.2484326162982622
sample_1,14.5,-0.1515708831634064
sample_1,14.6,-0.2056483443897822
sample_1,14.7,0.0155063536041063
sample_1,14.8,0.0459374230478142
sample_1,14.9,-0.0378187233634955
sample_1,15.0,0.5235414593197087
sample_1,15.1,0.3109278372977455
sample_1,15.2,-0.6053766016845925
sample_1,15.3,-0.4936223467297453
sample_1,15.4,0.366232538148757
sample_1,15.5,0.2941771835510297
sample_1,15.6,-0.0442497421395205
sample_1,15.7,0.0109430889897172
sample_1,15.8,0.0064292073806678
sample_1,15.9,-0.181150738103783
sample_1,16.0,-0.1355250163719308
sample_1,16.1,0.2265796086933822
sample_1,16.2,0.1444750437509789
sample_1,16.3,-0.1572486440999179
sample_1,16.400000000000002,-0.1319413697828216
sample_1,16.5,0.2825773160064246
sample_1,16.6,-0.0420451455221073
sample_1,16.7,0.0135347332618847
sample_1,16.8,0.0067724089903585
sample_1,16.900000000000002,-0.1782862925521178
sample_1,17.0,-0.1328356723714572
sample_1,17.1,0.2247562401413844
sample_1,17.2,0.1415994086577812
sample_1,17.3,-0.1570676330319582
sample_1,17.400000000000002,-0.1324206058991571
sample_1,17.5,0.0443938701147823
sample_1,17.6,0.1167694049003563
sample_1,17.7,0.0447507920807953
sample_1,17.8,0.0836986442438017
sample_1,17.900000000000002,-0.0579782690110696
sample_1,18.0,-0.1297338697941268
sample_1,18.1,0.2227796352502367
sample_1,18.2,0.138399341094019
sample_1,18.3,-0.1563189357977765
sample_1,18.4,-0.1315306069803417
sample_1,18.5,0.0445519625351025
sample_1,18.6,0.1171251321162401
sample_1,18.7,0.0439609530478101
sample_1,18.8,0.0810977759867659
sample_1,18.9,-0.0574106213851742
sample_1,19.0,-0.3934622810446956
sample_1,19.1,-0.0983709980238576
sample_1,19.200000000000003,0.5384717763534643
sample_1,19.3,0.5222899778295486
sample_1,19.4,-0.5556798780851274
sample_1,19.5,0.04519120524132
sample_1,19.6,0.1182872642822229
sample_1,19.700000000000003,0.0430515940381917
sample_1,19.8,0.0769608316200873
sample_1,19.9,-0.056965763240298
sample_1,20.0,-0.3858791120473156
sample_1,20.1,-0.0943352605552191
sample_1,20.200000000000003,0.5319063546112935
sample_1,20.3,0.506497693541299
sample_1,20.4,-0.5484602471431854
sample_1,20.5,-0.8496536714851325
sample_1,20.6,0.2673212561309951
sample_1,20.700000000000003,0.9831442082419156
sample_1,20.8,0.17682055253879
sample_1,20.9,-0.6888499134846745
sample_1,21.0,-0.3824503590314065
sample_1,21.1,-0.0926774612469306
sample_1,21.200000000000003,0.5284340253326082
sample_1,21.3,0.4996662921574649
sample_1,21.4,-0.5442361759445052
sample_1,21.5,-0.8441019631106381
sample_1,21.6,0.2675122106032558
sample_1,21.700000000000003,0.9846646498256744
sample_1,21.8,0.1700666429052705
sample_1,21.9,-0.6957034113225108
sample_1,22.0,-0.4553442997520675
sample_1,22.1,0.2295259395926112
sample_1,22.200000000000003,0.4771735408221196
sample_1,22.3,-0.2890151435735084
sample_1,22.4,-0.4346327795448089
sample_1,22.5,-0.8270649290426336
sample_1,22.6,0.2751500811710668
sample_1,22.700000000000003,1.0
sample_1,22.8,0.154881754166569
sample_1,22.9,-0.7193236984571948
sample_1,23.0,-0.4380069080709405
sample_1,23.1,0.2528222824342029
sample_1,23.200000000000003,0.4599657474130705
sample_1,23.3,-0.3137086503403676
sample_1,23.4,-0.4268481987998439
sample_1,23.5,0.6185850910805557
sample_1,23.6,0.5210743645368151
sample_1,23.700000000000003,-0.3931058857964816
sample_1,23.8,-0.433407916573656
sample_1,23.9,-0.0269575711084444
sample_1,24.0,-0.4557441941824044
sample_1,24.1,0.2679608200066022
sample_1,24.200000000000003,0.4849299100479051
sample_1,24.3,-0.3195199663558363
sample_1,24.4,-0.4467352643373098
sample_1,24.5,0.6259052351946564
sample_1,24.6,0.535346823886534
sample_1,24.700000000000003,-0.4055586764655704
sample_1,24.8,-0.4493731698483505
sample_1,24.9,-0.0219576574387763
sample_1,25.0,-0.0457710573040188
sample_1,25.1,-0.0505301967057167
sample_1,25.200000000000003,0.3497961165327929
sample_1,25.3,0.3879909164046952
sample_1,25.4,-0.0404309610169219
sample_1,25.5,0.6311010364984089
sample_1,25.6,0.5548951970325388
sample_1,25.700000000000003,-0.4154238695968003
sample_1,25.8,-0.4702069913591559
sample_1,25.9,-0.022356113030248
sample_1,26.0,-0.0289469713880725
sample_1,26.1,-0.0360328160090967
sample_1,26.200000000000003,0.3439049963474048
sample_1,26.3,0.3732307163732052
sample_1,26.4,-0.0401426279857448
sample_1,26.5,-0.3324609858841685
sample_1,26.6,-0.2952358606332453
sample_1,26.700000000000003,-0.1138519792461882
sample_1,26.8,0.2903720457040999
sample_1,26.9,0.2137394492001494
sample_2,0.0,0.0
sample_2,0.1,0.0
sample_2,0.2,0.0
sample_2,0.3,0.0
sample_2,0.4,0.0
sample_2,0.5,0.0
sample_2,0.6000000000000001,0.0
sample_2,0.7000000000000001,0.0
sample_2,0.8,0.0
sample_2,0.9,0.0
sample_2,1.0,-0.0056551228668103
sample_2,1.1,0.0348175795172059
sample_2,1.2000000000000002,0.1030863483688767
sample_2,1.3,-0.3489849551820411
sample_2,1.4,0.0138836985054304
sample_2,1.5,0.0
sample_2,1.6,0.0
sample_2,1.7000000000000002,0.0
sample_2,1.8,0.0
sample_2,1.9,0.0
sample_2,2.0,-0.0078035129862959
sample_2,2.1,0.01341701640166
sample_2,2.2,0.1426597495689494
sample_2,2.3000000000000003,-0.3592016586427058
sample_2,2.4000000000000004,-0.2069361975555105
sample_2,2.5,0.830267360057456
sample_2,2.6,0.4188983190113529
sample_2,2.7,-0.8693757135267721
sample_2,2.8000000000000003,-1.0
sample_2,2.9000000000000004,0.3830437780465474
sample_2,3.0,-0.0046962387330155
sample_2,3.1,0.0300044392994677
sample_2,3.2,0.1113691932071816
sample_2,3.3000000000000003,-0.3781763625155095
sample_2,3.4000000000000004,-0.0225110577629539
sample_2,3.5,0.6449731196586027
sample_2,3.6,0.0395873130701149
sample_2,3.7,-0.5469051306107224
sample_2,3.8,-0.4948096551856061
sample_2,3.9,0.2651199855316551
sample_2,4.0,0.8379634065648376
sample_2,4.1000000000000005,0.1272280511991597
sample_2,4.2,-0.7094540721347852
sample_2,4.3,-0.3318151860234397
sample_2,4.4,0.3553127257961719
sample_2,4.5,0.2230985734246763
sample_2,4.6000000000000005,0.8086516180809097
sample_2,4.7,0.3668194074065057
sample_2,4.800000000000001,-0.5374556667828887
sample_2,4.9,-0.716880141414159
sample_2,5.0,0.0196912956037621
sample_2,5.1000000000000005,0.4709976202007309
sample_2,5.2,0.1688139782992217
sample_2,5.300000000000001,-0.1869542308170528
sample_2,5.4,-0.0404842700224415
sample_2,5.5,0.0684245220185775
sample_2,5.6000000000000005,0.1013379088894241
sample_2,5.7,-0.0192007282863967
sample_2,5.800000000000001,-0.2623641745000639
sample_2,5.9,-0.0784310149491738
sample_2,6.0,0.8569627605323725
sample_2,6.1000000000000005,0.0664069204597525
sample_2,6.2,-0.7698119376017849
sample_2,6.300000000000001,-0.2622048401134861
sample_2,6.4,0.4084501133382662
sample_2,6.5,0.1543621103263464
sample_2,6.6000000000000005,-0.0263982951003263
sample_2,6.7,-0.0078785311152015
sample_2,6.800000000000001,-0.2273251299672984
sample_2,6.9,-0.0679520944755094
sample_2,7.0,0.2730649675636055
sample_2,7.1000000000000005,0.1475202526395599
sample_2,7.2,-0.3153191861208228
sample_2,7.300000000000001,-0.1685415012820657
sample_2,7.4,0.3110770439362941
sample_2,7.5,0.1621649086990053
sample_2,7.6,-0.0114564032425091
sample_2,7.7,-0.0090100226328735
sample_2,7.800000000000001,-0.2414220278811265
sample_2,7.9,-0.0698200673508408
sample_2,8.0,0.2837338502752377
sample_2,8.1,0.1554426278826916
sample_2,8.200000000000001,-0.3256335335193466
sample_2,8.3,-0.1776583627294045
sample_2,8.4,0.3154414149415223
sample_2,8.5,0.2113696714277143
sample_2,8.6,-0.034527478986555
sample_2,8.700000000000001,0.0142253653387496
sample_2,8.8,-0.2774044058892423
sample_2,8.9,-0.5918407751693987
sample_2,9.0,0.2859099928093022
sample_2,9.1,0.156227779048202
sample_2,9.2,-0.3276887297332312
sample_2,9.3,-0.1789744256354029
sample_2,9.4,0.3164945652410188
sample_2,9.5,0.2129845352174642
sample_2,9.6,-0.0355158956157611
sample_2,9.7,0.0129711233052516
sample_2,9.8,-0.2752151775024193
sample_2,9.9,-0.5912643890037101
sample_2,10.0,0.114871180430868
sample_2,10.1,0.7957469674297037
sample_2,10.2,0.1925513239318075
sample_2,10.3,-0.2746988297508819
sample_2,10.4,-0.1279606415806666
sample_2,10.5,0.2129605155043444
sample_2,10.6,0.428199056253516
sample_2,10.7,0.1639064357180307
sample_2,10.8,-0.2117866145203404
sample_2,10.9,-0.4227605584572432
sample_2,11.0,-0.1636369801851496
sample_2,11.1,0.2025134836452925
sample_2,11.2,0.2059300650292975
sample_2,11.3,0.2454602524830514
sample_2,11.4,0.0668445357217695
sample_2,11.5,-0.1906573749866315
sample_2,11.6,-0.110399242411727
sample_2,11.7,-0.2567294323870073
sample_2,11.8,-0.2142248001690292
sample_2,11.9,0.1972189737039571
sample_2,12.0,-0.2350301322410196
sample_2,12.1,0.597459040411374
sample_2,12.2,0.3717455136392843
sample_2,12.3,-0.3036590391940854
sample_2,12.4,-0.2831256407068273
sample_2,12.5,0.0944919645908127
sample_2,12.6,0.1946171062093023
sample_2,12.7,-0.2069316761977468
sample_2,12.8,-0.1959530152674078
sample_2,12.9,0.1479142194093194
sample_2,13.0,0.2019890061446991
sample_2,13.1,0.1985335802110604
sample_2,13.2,-0.1242196310398166
sample_2,13.3,-0.3476846083417311
sample_2,13.4,0.0328876173053229
sample_2,13.5,0.0915920352805024
sample_2,13.6,0.1785316042907685
sample_2,13.7,-0.2075444940731086
sample_2,13.8,-0.1854268813847875
sample_2,13.9,0.1385183814930392
sample_2,14.0,0.196028552374278
sample_2,14.1,0.2102593520372629
sample_2,14.2,-0.1191809473461803
sample_2,14.3,-0.3546917346971603
sample_2,14.4,0.0342492850603036
sample_2,14.5,0.4134245633194418
sample_2,14.6,0.009399902790808
sample_2,14.7,-0.500563691584275
sample_2,14.8,-0.1182753280810227
sample_2,14.9,0.163045073589445
sample_2,15.0,0.195556983454439
sample_2,15.1,0.2046365654375239
sample_2,15.2,-0.1170372803337457
sample_2,15.3,-0.349240868378928
sample_2,15.4,0.0313826790262038
sample_2,15.5,0.4109845082632161
sample_2,15.6,0.0130235536654734
sample_2,15.7,-0.5016143420946233
sample_2,15.8,-0.1223571577006113
sample_2,15.9,0.1640939633787411
sample_2,16.0,-0.0323271428409951
sample_2,16.1,0.3915338445365912
sample_2,16.2,0.5318260546719102
sample_2,16.3,-0.2874188872764645
sample_2,16.400000000000002,-0.577908559017196
sample_2,16.5,0.3689431847922392
sample_2,16.6,0.0145590328467946
sample_2,16.7,-0.472893329866959
sample_2,16.8,-0.0915549731892179
sample_2,16.900000000000002,0.1951119557741651
sample_2,17.0,-0.0126528892780348
sample_2,17.1,0.3700941311906734
sample_2,17.2,0.4915260625842864
sample_2,17.3,-0.3053457230129284
sample_2,17.400000000000002,-0.5713797184063605
sample_2,17.5,-0.1520598479954299
sample_2,17.6,-0.0358727133450482
sample_2,17.7,0.0695496988514881
sample_2,17.8,0.2851494265266321
sample_2,17.900000000000002,0.3050319668688815
sample_2,18.0,-0.005995124759042
sample_2,18.1,0.3753789462975732
sample_2,18.2,0.5141840644745617
sample_2,18.3,-0.279633978699188
sample_2,18.4,-0.5703591088403848
sample_2,18.5,-0.174380595723665
sample_2,18.6,-0.0509271391891292
sample_2,18.7,0.0655311682405918
sample_2,18.8,0.287809506502495
sample_2,18.9,0.3124513845353913
sample_2,19.0,0.1451814499124856
sample_2,19.1,-0.0954414279839004
sample_2,19.200000000000003,-0.4007591533583689
sample_2,19.3,-0.3363917999960003
sample_2,19.4,0.0534160596888784
sample_2,19.5,-0.1900276237569526
sample_2,19.6,-0.0504337025485676
sample_2,19.700000000000003,0.0746021422540881
sample_2,19.8,0.2960468769155993
sample_2,19.9,0.3131212845525203
sample_2,20.0,0.1366781236713077
sample_2,20.1,-0.1026852517657206
sample_2,20.200000000000003,-0.3974742565192327
sample_2,20.3,-0.3234053301591083
sample_2,20.4,0.0508827081541817
sample_2,20.5,0.3636008962722274
sample_2,20.6,0.1622982452784417
sample_2,20.700000000000003,-0.1017036497791055
sample_2,20.8,0.0750543106364071
sample_2,20.9,-0.0460210964814272
sample_2,21.0,0.1312920562352566
sample_2,21.1,-0.1070980969431274
sample_2,21.200000000000003,-0.3934543347213322
sample_2,21.3,-0.3168173858378902
sample_2,21.4,0.0517204201036956
sample_2,21.5,0.3548772190519582
sample_2,21.6,0.1605167868449357
sample_2,21.700000000000003,-0.0927648385310108
sample_2,21.8,0.0757985739463714
sample_2,21.9,-0.0533132205370503
sample_2,22.0,-0.3765309360862605
sample_2,22.1,0.0991552886408711
sample_2,22.200000000000003,0.5141225479242185
sample_2,22.3,-0.1035674382247758
sample_2,22.4,-0.576551803891324
sample_2,22.5,0.3630792880948302
sample_2,22.6,0.1613338266250585
sample_2,22.700000000000003,-0.1005565834881753
sample_2,22.8,0.0726236134865146
sample_2,22.9,-0.046001619863368
sample_2,23.0,-0.3717424704177126
sample_2,23.1,0.0942709180182193
sample_2,23.200000000000003,0.5089764602463966
sample_2,23.3,-0.1037398584641121
sample_2,23.4,-0.5715137940538928
sample_2,23.5,-0.1187278551287413
sample_2,23.6,0.4201047824661746
sample_2,23.700000000000003,0.5189010579107676
sample_2,23.8,0.0462863567159987
sample_2,23.9,-0.4830241710047065
sample_2,24.0,-0.3713385479659541
sample_2,24.1,0.0932728282918745
sample_2,24.200000000000003,0.5088100829756099
sample_2,24.3,-0.1039756646613285
sample_2,24.4,-0.5717006043838041
sample_2,24.5,-0.11782062730361
sample_2,24.6,0.420309982549298
sample_2,24.700000000000003,0.5180673456238909
sample_2,24.8,0.0467598819925623
sample_2,24.9,-0.4829344829175278
sample_2,25.0,-0.5073011232965567
sample_2,25.1,-0.0578177318956575
sample_2,25.200000000000003,0.2091258389509754
sample_2,25.3,0.3992038932368313
sample_2,25.4,0.5766247107852642
sample_2,25.5,-0.1168325802084519
sample_2,25.6,0.4192897642546672
sample_2,25.700000000000003,0.5162059374122356
sample_2,25.8,0.0472036706469106
sample_2,25.9,-0.481601986615042
sample_2,26.0,-0.5070092348732325
sample_2,26.1,-0.0582296971472841
sample_2,26.200000000000003,0.2088316463741754
sample_2,26.3,0.398873312424952
sample_2,26.4,0.5765980608592145
sample_2,26.5,0.0866706895157539
sample_2,26.6,-0.5838200169203119
sample_2,26.700000000000003,-0.6170937755684955
sample_2,26.8,-0.4386992575408857
sample_2,26.9,0.0872194258397335
sample_3,0.0,0.0
sample_3,0.1,0.0
sample_3,0.2,0.0
sample_3,0.3,0.0
sample_3,0.4,0.0
sample_3,0.5,0.0
sample_3,0.6000000000000001,0.0
sample_3,0.7000000000000001,0.0
sample_3,0.8,0.0
sample_3,0.9,0.0
sample_3,1.0,-0.0028355510045984
sample_3,1.1,0.0382375727057234
sample_3,1.2000000000000002,0.0647628511637042
sample_3,1.3,-0.2537361905053394
sample_3,1.4,-0.1498428737525426
sample_3,1.5,0.0
sample_3,1.6,0.0
sample_3,1.7000000000000002,0.0
sample_3,1.8,0.0
sample_3,1.9,0.0
sample_3,2.0,-0.0091011571757728
sample_3,2.1,-0.0451439475989205
sample_3,2.2,0.0524884154043839
sample_3,2.3000000000000003,0.1856900906920969
sample_3,2.4000000000000004,-0.0083779177523477
sample_3,2.5,-0.3653375356383775
sample_3,2.6,-0.1347150211757576
sample_3,2.7,0.3063088009033198
sample_3,2.8000000000000003,0.0045303778613971
sample_3,2.9000000000000004,0.0938793718485542
sample_3,3.0,-0.0089272521927951
sample_3,3.1,-0.0441646249616598
sample_3,3.2,0.0508642582765294
sample_3,3.3000000000000003,0.1828655728177764
sample_3,3.4000000000000004,-0.0060191978829428
sample_3,3.5,-0.361636754327829
sample_3,3.6,-0.1345036251783882
sample_3,3.7,0.3043334280256892
sample_3,3.8,0.0019956911630118
sample_3,3.9,0.092586625791904
sample_3,4.0,0.432061716528194
sample_3,4.1000000000000005,-0.2658161496169415
sample_3,4.2,-0.7743133702416817
sample_3,4.3,0.0118495710757682
sample_3,4.4,0.6087332551397021
sample_3,4.5,0.0720622037470269
sample_3,4.6000000000000005,-0.22887637914157
sample_3,4.7,-0.0008887543538335
sample_3,4.800000000000001,-0.098182173386062
sample_3,4.9,0.0970704269344505
sample_3,5.0,0.455619514085774
sample_3,5.1000000000000005,-0.1696078516593234
sample_3,5.2,-0.6758549174806886
sample_3,5.300000000000001,0.0280585454421408
sample_3,5.4,0.5659385679141051
sample_3,5.5,0.2841958774566476
sample_3,5.6000000000000005,-0.2589079782412598
sample_3,5.7,-0.2178308652327142
sample_3,5.800000000000001,-0.0076913373002831
sample_3,5.9,-0.307263789991298
sample_3,6.0,0.4448422261970773
sample_3,6.1000000000000005,-0.1895453649309234
sample_3,6.2,-0.6960852368529987
sample_3,6.300000000000001,0.0467050748991212
sample_3,6.4,0.5893827054261057
sample_3,6.5,0.2813979119130264
sample_3,6.6000000000000005,-0.2843134454793725
sample_3,6.7,-0.2189757199206103
sample_3,6.800000000000001,0.0217301471291305
sample_3,6.9,-0.3032372221747827
sample_3,7.0,-0.1064922676472012
sample_3,7.1000000000000005,0.4430143885874795
sample_3,7.2,0.4136545963253181
sample_3,7.300000000000001,0.1690062788409626
sample_3,7.4,-0.0268840339557194
sample_3,7.5,0.2817036106860019
sample_3,7.6,-0.2814502861114071
sample_3,7.7,-0.2188574396964429
sample_3,7.800000000000001,0.0184504777483798
sample_3,7.9,-0.3037299012187556
sample_3,8.0,-0.1040857207117018
sample_3,8.1,0.4456100523983036
sample_3,8.200000000000001,0.4119449476320105
sample_3,8.3,0.1657869822286382
sample_3,8.4,-0.0267011990623484
sample_3,8.5,-0.752012115167429
sample_3,8.6,-0.8807747758263783
sample_3,8.700000000000001,0.4299712044173728
sample_3,8.8,1.0
sample_3,8.9,0.2474545737832294
sample_3,9.0,-0.1005985633107272
sample_3,9.1,0.4501087549864145
sample_3,9.2,0.4093431479318364
sample_3,9.3,0.1603080713168575
sample_3,9.4,-0.0263572970735387
sample_3,9.5,-0.7474724336040162
sample_3,9.6,-0.8781032534311491
sample_3,9.7,0.4255800990317931
sample_3,9.8,0.9956980841489014
sample_3,9.9,0.2507205469823952
sample_3,10.0,-0.2437369187769682
sample_3,10.1,-0.268833601035855
sample_3,10.2,-0.1316136030329409
sample_3,10.3,0.010014620582534
sample_3,10.4,-0.2252992469583702
sample_3,10.5,-0.746535395644702
sample_3,10.6,-0.8775884961424614
sample_3,10.7,0.4246841861403846
sample_3,10.8,0.9948180223049804
sample_3,10.9,0.2515482346279353
sample_3,11.0,-0.2422697107592892
sample_3,11.1,-0.2697598829272312
sample_3,11.2,-0.1333753246086343
sample_3,11.3,0.0108787537672717
sample_3,11.4,-0.224270444582437
sample_3,11.5,-0.1999490575091342
sample_3,11.6,0.4345422958905539
sample_3,11.7,0.242360032511448
sample_3,11.8,-0.0721723027853942
sample_3,11.9,0.1380100302798834
sample_3,12.0,-0.2468666606233026
sample_3,12.1,-0.2723566972173084
sample_3,12.2,-0.1282423883744765
sample_3,12.3,0.014061061558529
sample_3,12.4,-0.2271081473142299
sample_3,12.5,-0.2036584948064444
sample_3,12.6,0.4360779482930065
sample_3,12.7,0.2447757467578216
sample_3,12.8,-0.072018576843285
sample_3,12.9,0.1359622867787581
sample_3,13.0,-0.0133314248769553
sample_3,13.1,-0.2206870852020099
sample_3,13.2,-0.3977717371732703
sample_3,13.3,-0.1531194386654674
sample_3,13.4,0.5274248322509941
sample_3,13.5,-0.2034446517579651
sample_3,13.6,0.436470133887297
sample_3,13.7,0.2449647540636936
sample_3,13.8,-0.0721683035003714
sample_3,13.9,0.1358510372611376
sample_3,14.0,-0.013351329994192
sample_3,14.1,-0.2198007231145599
sample_3,14.2,-0.3980240756227909
sample_3,14.3,-0.1544973841023635
sample_3,14.4,0.5274349126406406
sample_3,14.5,0.2233809962887365
sample_3,14.6,-0.4130170482033276
sample_3,14.7,0.2335373540890991
sample_3,14.8,0.6561318316279822
sample_3,14.9,-0.4042635811519212
sample_3,15.0,-0.0114513591615803
sample_3,15.1,-0.2233563796850345
sample_3,15.2,-0.4010080535739108
sample_3,15.3,-0.1513590958387202
sample_3,15.4,0.5331516988341883
sample_3,15.5,0.2196965043034863
sample_3,15.6,-0.4187818623402998
sample_3,15.7,0.2364765363956485
sample_3,15.8,0.6601745061540414
sample_3,15.9,-0.4039562753603063
sample_3,16.0,-0.8763639479393164
sample_3,16.1,-0.0940273910483364
sample_3,16.2,0.4968152177652696
sample_3,16.3,0.5589021272324868
sample_3,16.400000000000002,-0.1183844612400617
sample_3,16.5,0.2228786203482015
sample_3,16.6,-0.4143585800587833
sample_3,16.7,0.232219197050215
sample_3,16.8,0.6595659574138599
sample_3,16.900000000000002,-0.4020806654693404
sample_3,17.0,-0.879575647736255
sample_3,17.1,-0.0903959672013339
sample_3,17.2,0.5044662335069668
sample_3,17.3,0.5510456687670157
sample_3,17.400000000000002,-0.127263750546295
sample_3,17.5,-0.5066007560146142
sample_3,17.6,0.2074460368619396
sample_3,17.7,0.5753775379846248
sample_3,17.8,-0.4405545178516761
sample_3,17.900000000000002,-0.7074269169924471
sample_3,18.0,-0.9592971397186564
sample_3,18.1,-0.1303417756109647
sample_3,18.2,0.8726035973696611
sample_3,18.3,0.6993180470311536
sample_3,18.4,-0.5837468180117863
sample_3,18.5,-0.7797678106423641
sample_3,18.6,0.4410580260098888
sample_3,18.7,0.8097692416194161
sample_3,18.8,-0.4148086913703903
sample_3,18.9,-0.7135925361873205
sample_3,19.0,0.2293174692349064
sample_3,19.1,0.274018171874588
sample_3,19.200000000000003,-0.0427015988447581
sample_3,19.3,0.1565141924946824
sample_3,19.4,0.3256517355399549
sample_3,19.5,0.0819351510272465
sample_3,19.6,0.2740789646592496
sample_3,19.700000000000003,-0.0417465823644167
sample_3,19.8,-0.6334246582547033
sample_3,19.9,-0.384250611050576
sample_3,20.0,0.4557932912377235
sample_3,20.1,0.3834077662974152
sample_3,20.200000000000003,0.049315694940236
sample_3,20.3,0.0875214491334407
sample_3,20.4,0.1551594757817543
sample_3,20.5,-0.4483820499816398
sample_3,20.6,-0.655331828530819
sample_3,20.700000000000003,0.3788479239547092
sample_3,20.8,0.5313482221662363
sample_3,20.9,-0.3993638908901546
sample_3,21.0,-0.3824702535371393
sample_3,21.1,-0.2064760732820952
sample_3,21.200000000000003,0.380767690335105
sample_3,21.3,0.5450559815899945
sample_3,21.4,-0.2039889927988764
sample_3,21.5,-0.5180613190102197
sample_3,21.6,0.0781462484843805
sample_3,21.700000000000003,0.5132695911824933
sample_3,21.8,-0.0737337770555284
sample_3,21.9,-0.5811051715539878
sample_3,22.0,-0.229109141182212
sample_3,22.1,0.2560092088011736
sample_3,22.200000000000003,0.5050850452525492
sample_3,22.3,0.4893149695904593
sample_3,22.4,-0.2188807597282882
sample_3,22.5,-0.1824722915289591
sample_3,22.6,-0.4137121202879748
sample_3,22.700000000000003,0.4347673515463573
sample_3,22.8,0.4808207073409415
sample_3,22.9,-0.5494250635155855
sample_3,23.0,-0.2468151995036942
sample_3,23.1,0.5734337758940922
sample_3,23.200000000000003,0.0721799726470818
sample_3,23.3,-0.3434942443531739
sample_3,23.4,0.2630158831148141
sample_3,23.5,-0.0964156216236629
sample_3,23.6,-0.6875908285108774
sample_3,23.700000000000003,0.0488972674620288
sample_3,23.8,0.6123930939980995
sample_3,23.9,0.1322809723076356
sample_3,24.0,-0.2497494329232976
sample_3,24.1,0.5757025940275736
sample_3,24.200000000000003,0.0782618807801082
sample_3,24.3,-0.343388254169282
sample_3,24.4,0.2551118715068802
sample_3,24.5,-0.1021028788497135
sample_3,24.6,-0.7867851497160654
sample_3,24.700000000000003,0.1120316243737101
sample_3,24.8,0.986839686084979
sample_3,24.9,0.0404948974601581
sample_3,25.0,-0.5026193308126029
sample_3,25.1,0.2005610759486505
sample_3,25.200000000000003,0.0305881023498483
sample_3,25.3,-0.544934469066973
sample_3,25.4,-0.1030274258914223
sample_3,25.5,-0.1022448260756597
sample_3,25.6,-0.7867402992867686
sample_3,25.700000000000003,0.1123487183697643
sample_3,25.8,0.9868751135413454
sample_3,25.9,0.040299790788087
sample_3,26.0,-0.5026875560584713
sample_3,26.1,0.2008936192375325
sample_3,26.200000000000003,0.0304166261564051
sample_3,26.3,-0.5454534630411645
sample_3,26.4,-0.1027440792867934
sample_3,26.5,0.4571891330185573
sample_3,26.6,0.4006960728189817
sample_3,26.700000000000003,-0.1101821650587836
sample_3,26.8,-0.3696300285165457
sample_3,26.9,-0.0126174703232963
sample_4,0.0,0.0
sample_4,0.1,0.0
sample_4,0.2,0.0
sample_4,0.3,0.0
sample_4,0.4,0.0
sample_4,0.5,0.0
sample_4,0.6000000000000001,0.0
sample_4,0.7000000000000001,0.0
sample_4,0.8,0.0
sample_4,0.9,0.0
sample_4,1.0,-0.0073795572781988
sample_4,1.1,-0.0402039690110383
sample_4,1.2000000000000002,0.0618265398288395
sample_4,1.3,0.1005238819051687
sample_4,1.4,-0.058294110243253
sample_4,1.5,0.0
sample_4,1.6,0.0
sample_4,1.7000000000000002,0.0
sample_4,1.8,0.0
sample_4,1.9,0.0
sample_4,2.0,-0.0035868049975395
sample_4,2.1,-0.0149501842944905
sample_4,2.2,-0.0204856229481533
sample_4,2.3000000000000003,0.121592473510879
sample_4,2.4000000000000004,0.1933069394566886
sample_4,2.5,-0.3101119969549405
sample_4,2.6,-0.4329060031836593
sample_4,2.7,0.1176146448327079
sample_4,2.8000000000000003,0.5015091157846613
sample_4,2.9000000000000004,0.3610168975457483
sample_4,3.0,-0.0040398852830876
sample_4,3.1,-0.0178778778862901
sample_4,3.2,-0.0159153469728344
sample_4,3.3000000000000003,0.1298827680562508
sample_4,3.4000000000000004,0.1866972812449576
sample_4,3.5,-0.3217300778227825
sample_4,3.6,-0.4322536982370926
sample_4,3.7,0.1250020040090524
sample_4,3.8,0.5071590314352739
sample_4,3.9,0.3091237619102783
sample_4,4.0,-0.1645666052448666
sample_4,4.1000000000000005,-0.2557676511824429
sample_4,4.2,-0.1446603631316119
sample_4,4.3,-0.1807839676948569
sample_4,4.4,0.0473220556323256
sample_4,4.5,-0.3314112516187221
sample_4,4.6000000000000005,-0.4289950179042047
sample_4,4.7,0.1323491537134417
sample_4,4.800000000000001,0.5080983298717848
sample_4,4.9,0.3607678509368936
sample_4,5.0,-0.1083897386461897
sample_4,5.1000000000000005,-0.5519148241850536
sample_4,5.2,-0.2731664092915686
sample_4,5.300000000000001,0.2311866539203071
sample_4,5.4,0.3082698601175823
sample_4,5.5,-0.1135737464341568
sample_4,5.6000000000000005,-0.2175518611684588
sample_4,5.7,0.3290263192326946
sample_4,5.800000000000001,0.312457721873539
sample_4,5.9,-0.2896422404252326
sample_4,6.0,-0.1503623183721344
sample_4,6.1000000000000005,-0.250255010151922
sample_4,6.2,-0.1483559497606566
sample_4,6.300000000000001,-0.1871332501820416
sample_4,6.4,0.0454012776010227
sample_4,6.5,0.1979628504559314
sample_4,6.6000000000000005,-0.0126247802701042
sample_4,6.7,0.0355531003571532
sample_4,6.800000000000001,0.3499085783999371
sample_4,6.9,0.1117269308821156
sample_4,7.0,-0.4588950269028518
sample_4,7.1000000000000005,-0.2616996957526386
sample_4,7.2,0.0919992718336139
sample_4,7.300000000000001,0.0802897176493465
sample_4,7.4,0.1033796998537461
sample_4,7.5,0.1970601736687174
sample_4,7.6,-0.015539651840275
sample_4,7.7,0.0351683629418128
sample_4,7.800000000000001,0.3541178054782108
sample_4,7.9,0.113605850982404
sample_4,8.0,-0.461097594465108
sample_4,8.1,-0.2651903724560721
sample_4,8.200000000000001,0.0933220470991257
sample_4,8.3,0.083262988305896
sample_4,8.4,0.1027542954964357
sample_4,8.5,-0.1679142862055911
sample_4,8.6,-0.0786720298258606
sample_4,8.700000000000001,0.7539334172517511
sample_4,8.8,0.210045683648941
sample_4,8.9,-0.8967642494093991
sample_4,9.0,-0.4588447327401811
sample_4,9.1,-0.2627085688582682
sample_4,9.2,0.0918727606814975
sample_4,9.3,0.0801396917135906
sample_4,9.4,0.1027455198761496
sample_4,9.5,-0.1651531172813328
sample_4,9.6,-0.0771055088786651
sample_4,9.7,0.7516235059142833
sample_4,9.8,0.2079521406436825
sample_4,9.9,-0.8955093518698568
sample_4,10.0,-0.5580648693851545
sample_4,10.1,0.4434810619851636
sample_4,10.2,0.6844546173402896
sample_4,10.3,-0.087770360214809
sample_4,10.4,-0.4331203998295428
sample_4,10.5,-0.1467031109719366
sample_4,10.6,-0.3736721177436771
sample_4,10.7,0.4551654044426424
sample_4,10.8,0.5249967806564254
sample_4,10.9,-0.5518956244854222
sample_4,11.0,-0.5723972835463358
sample_4,11.1,0.5275468175301921
sample_4,11.2,0.5228722724790342
sample_4,11.3,-0.5681802666909389
sample_4,11.4,-0.529198314925756
sample_4,11.5,0.4027863935801376
sample_4,11.6,0.5654395580526514
sample_4,11.7,-0.0774791272760371
sample_4,11.8,-0.3622378562223058
sample_4,11.9,-0.1374174703820391
sample_4,12.0,-0.3678907455637704
sample_4,12.1,0.7677249429051356
sample_4,12.2,0.5716164311158736
sample_4,12.3,-0.578001333247829
sample_4,12.4,-0.5750117396143201
sample_4,12.5,0.2921710089448621
sample_4,12.6,0.4965604093660401
sample_4,12.7,-0.0541711121190055
sample_4,12.8,-0.3103710636090574
sample_4,12.9,-0.0991005587177238
sample_4,13.0,-0.0740159733743478
sample_4,13.1,0.0654247542438447
sample_4,13.2,0.5479709343698671
sample_4,13.3,0.2139969430458041
sample_4,13.4,-0.7638535206431033
sample_4,13.5,0.0559523206166245
sample_4,13.6,0.299841256624866
sample_4,13.7,-0.1227604713998171
sample_4,13.8,-0.3242804056010889
sample_4,13.9,-0.0225202133403391
sample_4,14.0,0.0561987490846203
sample_4,14.1,0.1071820969330128
sample_4,14.2,0.5126323680301859
sample_4,14.3,0.179425847527751
sample_4,14.4,-0.7866381985329102
sample_4,14.5,-0.5189471944907593
sample_4,14.6,0.3665629279529008
sample_4,14.7,0.6551724895843246
sample_4,14.8,0.112574109547668
sample_4,14.9,-0.2503039629214366
sample_4,15.0,-0.0994753568946186
sample_4,15.1,0.0564980575334191
sample_4,15.2,0.5702584887237643
sample_4,15.3,0.2584990670368179
sample_4,15.4,-0.7288327513518658
sample_4,15.5,-0.4830008639218379
sample_4,15.6,0.3658946879020947
sample_4,15.7,0.6082587669577953
sample_4,15.8,0.0563372842910514
sample_4,15.9,-0.2790683775646144
sample_4,16.0,-0.2513510576513324
sample_4,16.1,-0.2775351167031439
sample_4,16.2,0.1279172553712614
sample_4,16.3,0.4279035440706156
sample_4,16.400000000000002,0.0448998874651948
sample_4,16.5,-0.737831398451819
sample_4,16.6,0.2394972471380164
sample_4,16.7,1.0
sample_4,16.8,0.3764843242533192
sample_4,16.900000000000002,-0.5804951608999475
sample_4,17.0,-0.8174411752233113
sample_4,17.1,-0.209420820697302
sample_4,17.2,0.6093196634919715
sample_4,17.3,0.5501876916091236
sample_4,17.400000000000002,-0.1354950600530403
sample_4,17.5,-0.2728276024708009
sample_4,17.6,0.167846424640985
sample_4,17.7,0.1840472863390193
sample_4,17.8,-0.6618225027202806
sample_4,17.900000000000002,-0.6357817626384447
sample_4,18.0,-0.6381046677120268
sample_4,18.1,-0.1825816446217051
sample_4,18.2,0.5953551466055448
sample_4,18.3,0.4684285181607179
sample_4,18.4,-0.2500085331998362
sample_4,18.5,-0.2976649674393781
sample_4,18.6,0.2102714902173328
sample_4,18.7,0.223455930418737
sample_4,18.8,-0.6352752008663525
sample_4,18.9,-0.6069412279740012
sample_4,19.0,0.6626979960943803
sample_4,19.1,0.7795065767698374
sample_4,19.200000000000003,-0.1270815835963972
sample_4,19.3,-0.3864142214308469
sample_4,19.4,0.0706008591251453
sample_4,19.5,-0.3479233488516899
sample_4,19.6,0.1890369456523088
sample_4,19.700000000000003,0.1970823955432907
sample_4,19.8,-0.661729090040256
sample_4,19.9,-0.315464123324907
sample_4,20.0,0.7633225228896621
sample_4,20.1,0.3638100013239388
sample_4,20.200000000000003,-0.3768204806105013
sample_4,20.3,-0.1526681085619541
sample_4,20.4,0.2936069137536563
sample_4,20.5,0.188059538721075
sample_4,20.6,-0.2436162291634775
sample_4,20.700000000000003,-0.5313807777520345
sample_4,20.8,-0.2283370500159286
sample_4,20.9,0.3293691663942938
sample_4,21.0,0.7797087877477731
sample_4,21.1,0.3702662397136155
sample_4,21.200000000000003,-0.3809129903228342
sample_4,21.3,-0.1623093314677517
sample_4,21.4,0.292755824038179
sample_4,21.5,0.19285160920634
sample_4,21.6,-0.2440093704877473
sample_4,21.700000000000003,-0.5376456655999305
sample_4,21.8,-0.2310804091178016
sample_4,21.9,0.3393393053665035
sample_4,22.0,0.5165337534598247
sample_4,22.1,0.1981473324182985
sample_4,22.200000000000003,-0.2016264860696805
sample_4,22.3,-0.1294921802273865
sample_4,22.4,-0.0739063104434988
sample_4,22.5,0.1632398057998866
sample_4,22.6,-0.2351575655349747
sample_4,22.700000000000003,-0.5052871576893957
sample_4,22.8,-0.1351575461413387
sample_4,22.9,0.4157905699350028
sample_4,23.0,0.5067667951473502
sample_4,23.1,0.1470674365853961
sample_4,23.200000000000003,-0.2532823728915239
sample_4,23.3,-0.1611121138339201
sample_4,23.4,-0.0677518370298465
sample_4,23.5,-0.3349980399498558
sample_4,23.6,0.0451000621113515
sample_4,23.700000000000003,0.5215805593538351
sample_4,23.8,0.0543348590522252
sample_4,23.9,-0.3356581346735456
sample_4,24.0,0.513046486804053
sample_4,24.1,0.1434891168086453
sample_4,24.200000000000003,-0.2626455880253865
sample_4,24.3,-0.1613498474884465
sample_4,24.4,-0.0574305883990372
sample_4,24.5,-0.3323385260009184
sample_4,24.6,0.0385766894184184
sample_4,24.700000000000003,0.5136014033752166
sample_4,24.8,0.0591144852877291
sample_4,24.9,-0.3266773943641576
sample_4,25.0,-0.0342424865175442
sample_4,25.1,0.1360180740929984
sample_4,25.200000000000003,-0.0518650471860092
sample_4,25.3,-0.0683068990532802
sample_4,25.4,0.1010355345067086
sample_4,25.5,-0.348475259409275
sample_4,25.6,-0.0688602722142464
sample_4,25.700000000000003,0.6920397916037451
sample_4,25.8,0.3379631329565624
sample_4,25.9,-0.5924316206253128
sample_4,26.0,-0.4348906186001001
sample_4,26.1,0.2168600901726499
sample_4,26.200000000000003,0.2294272309404517
sample_4,26.3,0.0299273055413048
sample_4,26.4,0.0982951248536427
sample_4,26.5,0.0723471994813883
sample_4,26.6,-0.1021066369418253
sample_4,26.700000000000003,-0.1875112483088749
sample_4,26.8,-0.1266736384633207
sample_4,26.9,0.0034766971241565
sample_5,0.0,0.0
sample_5,0.1,0.0
sample_5,0.2,0.0
sample_5,0.3,0.0
sample_5,0.4,0.0
sample_5,0.5,0.0
sample_5,0.6000000000000001,0.0
sample_5,0.7000000000000001,0.0
sample_5,0.8,0.0
sample_5,0.9,0.0
sample_5,1.0,0.013345714407735
sample_5,1.1,0.0801245102767349
sample_5,1.2000000000000002,-0.1245453289143413
sample_5,1.3,-0.2426997792921393
sample_5,1.4,0.0688110794298501
sample_5,1.5,0.0
sample_5,1.6,0.0
sample_5,1.7000000000000002,0.0
sample_5,1.8,0.0
sample_5,1.9,0.0
sample_5,2.0,0.0153254401591812
sample_5,2.1,0.1124782006668777
sample_5,2.2,-0.1795279332630678
sample_5,2.3000000000000003,-0.2409979607286663
sample_5,2.4000000000000004,0.1160070763098032
sample_5,2.5,0.3128248370073658
sample_5,2.6,0.2738240245623111
sample_5,2.7,-0.0725886820138806
sample_5,2.8000000000000003,-0.4721597057873162
sample_5,2.9000000000000004,-0.1846789542685899
sample_5,3.0,0.0122268382022623
sample_5,3.1,0.094647834379661
sample_5,3.2,-0.1477975018472901
sample_5,3.3000000000000003,-0.1930904448967653
sample_5,3.4000000000000004,0.0684811054651585
sample_5,3.5,0.2433035732272259
sample_5,3.6,0.2905317012716286
sample_5,3.7,-0.0244813788318679
sample_5,3.8,-0.4587337138307842
sample_5,3.9,-0.1825976052109295
sample_5,4.0,0.0197689255580347
sample_5,4.1000000000000005,0.163735302258569
sample_5,4.2,0.1841522650557168
sample_5,4.3,0.0919997580593824
sample_5,4.4,0.1011101518766614
sample_5,4.5,0.2707429329568648
sample_5,4.6000000000000005,0.2835865601483311
sample_5,4.7,-0.0436783394453053
sample_5,4.800000000000001,-0.4641693197540384
sample_5,4.9,-0.1822401837781737
sample_5,5.0,0.0176729966067878
sample_5,5.1000000000000005,0.1730967019122374
sample_5,5.2,0.1986374271055683
sample_5,5.300000000000001,0.0842392256852701
sample_5,5.4,0.0883286466152084
sample_5,5.5,-0.0250970330948979
sample_5,5.6000000000000005,-0.1796211917015778
sample_5,5.7,-0.6227099746415613
sample_5,5.800000000000001,0.0040305977323254
sample_5,5.9,0.8156645167996635
sample_5,6.0,0.0176397071088237
sample_5,6.1000000000000005,0.1790136457731503
sample_5,6.2,0.2057754181684712
sample_5,6.300000000000001,0.0786986520825426
sample_5,6.4,0.0782081104296752
sample_5,6.5,-0.02162671624737
sample_5,6.6000000000000005,-0.1685539444982985
sample_5,6.7,-0.6236936012447956
sample_5,6.800000000000001,-0.0060152763038403
sample_5,6.9,0.8136943425782449
sample_5,7.0,0.4907712043525943
sample_5,7.1000000000000005,-0.2729761999730863
sample_5,7.2,-0.8775734141709112
sample_5,7.300000000000001,-0.4701910424356993
sample_5,7.4,0.6156864949190456
sample_5,7.5,-0.0931501595075612
sample_5,7.6,-0.2190801502328351
sample_5,7.7,-0.6762193927995571
sample_5,7.800000000000001,-0.0284557218452434
sample_5,7.9,0.8519774666863281
sample_5,8.0,0.5506419383613469
sample_5,8.1,-0.2395348092315353
sample_5,8.200000000000001,-0.8791443158660668
sample_5,8.3,-0.494124479152817
sample_5,8.4,0.5845677139613233
sample_5,8.5,0.7957603683943765
sample_5,8.6,0.2535172041737073
sample_5,8.700000000000001,-0.5944129444878232
sample_5,8.8,-0.6340912057707975
sample_5,8.9,-0.0710095208971424
sample_5,9.0,0.4739546191117375
sample_5,9.1,-0.3334475047280152
sample_5,9.2,-0.4144849958541732
sample_5,9.3,-0.2873847861051549
sample_5,9.4,-0.063539931684511
sample_5,9.5,0.3507232181204457
sample_5,9.6,0.4398188326093245
sample_5,9.7,0.0584030247210531
sample_5,9.8,-0.1506255605326964
sample_5,9.9,-0.5037425252234677
sample_5,10.0,-0.4993119498923052
sample_5,10.1,0.584012116772911
sample_5,10.2,0.9545181856347305
sample_5,10.3,-0.3620219305773456
sample_5,10.4,-0.989099578003992
sample_5,10.5,0.340723299707415
sample_5,10.6,0.4496772077030991
sample_5,10.7,0.0582467000589037
sample_5,10.8,-0.1567010701792979
sample_5,10.9,-0.4174176696827656
sample_5,11.0,-0.4114218835993672
sample_5,11.1,0.1221945162275474
sample_5,11.2,0.7602141849320754
sample_5,11.3,0.2804483576643806
sample_5,11.4,-0.582743691212056
sample_5,11.5,-0.2128074972582749
sample_5,11.6,0.1179982012591387
sample_5,11.7,-0.0842081269485184
sample_5,11.8,0.0296228687670577
sample_5,11.9,0.1964785704270805
sample_5,12.0,-0.487320075551548
sample_5,12.1,0.5746222120423172
sample_5,12.2,0.9601137423076582
sample_5,12.3,-0.352987936409706
sample_5,12.4,-1.0
sample_5,12.5,0.1232513696538375
sample_5,12.6,0.4879950314542948
sample_5,12.7,-0.0315903800804507
sample_5,12.8,0.0135860969408311
sample_5,12.9,0.1445109949017209
sample_5,13.0,0.132286950234769
sample_5,13.1,-0.1688417400143593
sample_5,13.2,-0.3390286074131733
sample_5,13.3,-0.1690228681224199
sample_5,13.4,0.1086774188219728
sample_5,13.5,0.107801114336986
sample_5,13.6,0.4958476261616574
sample_5,13.7,-0.0356206567529433
sample_5,13.8,0.0139752183106138
sample_5,13.9,0.1621378847983935
sample_5,14.0,0.134177854153925
sample_5,14.1,-0.1879208779644272
sample_5,14.2,-0.3359726969710888
sample_5,14.3,-0.1531935103911581
sample_5,14.4,0.0981752369245298
sample_5,14.5,0.2527536609382542
sample_5,14.6,0.1908204889255258
sample_5,14.7,-0.0612070479860307
sample_5,14.8,-0.0644192956808462
sample_5,14.9,0.1029595068762706
sample_5,15.0,0.1661622124210419
sample_5,15.1,-0.1789155903230199
sample_5,15.2,-0.3253355944003539
sample_5,15.3,-0.1478673418038738
sample_5,15.4,0.071453817343496
sample_5,15.5,0.2249269645537857
sample_5,15.6,0.1948871964461119
sample_5,15.7,-0.0519800905635504
sample_5,15.8,-0.0603538031513923
sample_5,15.9,0.1155298303111908
sample_5,16.0,-0.1276954924508886
sample_5,16.1,-0.3549809751274569
sample_5,16.2,0.0419844529482911
sample_5,16.3,0.2669095289148248
sample_5,16.400000000000002,0.2767571264706807
sample_5,16.5,0.2280462056217249
sample_5,16.6,0.1803936112971159
sample_5,16.7,-0.0867485537954258
sample_5,16.8,-0.0847099938296077
sample_5,16.900000000000002,0.1242834699965431
sample_5,17.0,-0.1157333696546433
sample_5,17.1,-0.3542064025424514
sample_5,17.2,0.0582106406329698
sample_5,17.3,0.2884684071080985
sample_5,17.400000000000002,0.2599836262003357
sample_5,17.5,0.0918436600277033
sample_5,17.6,-0.4501853132174113
sample_5,17.7,-0.4395424441602666
sample_5,17.8,0.3285217670005084
sample_5,17.900000000000002,0.3440135460557434
sample_5,18.0,-0.1116069575957267
sample_5,18.1,-0.3619514485010963
sample_5,18.2,0.0564904146390793
sample_5,18.3,0.2968531805219471
sample_5,18.4,0.2528275424715573
sample_5,18.5,0.0829132611661336
sample_5,18.6,-0.4426569511694938
sample_5,18.7,-0.430554682608559
sample_5,18.8,0.3286140811453924
sample_5,18.9,0.3446471796694136
sample_5,19.0,-0.1260329816834232
sample_5,19.1,0.0770883166855626
sample_5,19.200000000000003,0.26199444281942
sample_5,19.3,-0.2566623062964189
sample_5,19.4,-0.8055436532590066
sample_5,19.5,-0.0949320541705244
sample_5,19.6,-0.3848303232777897
sample_5,19.700000000000003,-0.3246272986373163
sample_5,19.8,0.4971721049921556
sample_5,19.9,0.4907850539924432
sample_5,20.0,-0.1358576391994565
sample_5,20.1,-0.0355259378069583
sample_5,20.200000000000003,0.1702550328080341
sample_5,20.3,-0.3055590389498206
sample_5,20.4,-0.8026613669383009
sample_5,20.5,0.1646895424441602
sample_5,20.6,0.9401409500510473
sample_5,20.700000000000003,0.3096150948383047
sample_5,20.8,-0.464156829897011
sample_5,20.9,-0.507563414227317
sample_5,21.0,-0.1400637748215763
sample_5,21.1,-0.0551377580867795
sample_5,21.200000000000003,0.1723017577660722
sample_5,21.3,-0.2819644399668978
sample_5,21.4,-0.7756552743054632
sample_5,21.5,0.159387195237416
sample_5,21.6,0.893858374690876
sample_5,21.700000000000003,0.3080080833548884
sample_5,21.8,-0.4314612044895798
sample_5,21.9,-0.5180023662235588
sample_5,22.0,0.0642853444823437
sample_5,22.1,0.2896472380897126
sample_5,22.200000000000003,-0.0149740480412278
sample_5,22.3,0.0770491033189176
sample_5,22.4,0.0418443827270917
sample_5,22.5,0.151299811362869
sample_5,22.6,0.8289945181614609
sample_5,22.700000000000003,0.3061996729269053
sample_5,22.8,-0.380026915641894
sample_5,22.9,-0.5170504678861602
sample_5,23.0,0.0578418373143745
sample_5,23.1,0.3003688486446894
sample_5,23.200000000000003,-0.0328611034224625
sample_5,23.3,0.0604849592407617
sample_5,23.4,0.0471306517610295
sample_5,23.5,-0.4119682644819892
sample_5,23.6,-0.1194600936981016
sample_5,23.700000000000003,0.6480622188271299
sample_5,23.8,0.3072923339674958
sample_5,23.9,-0.4699794703011344
sample_5,24.0,0.0553802778711159
sample_5,24.1,0.3116097451505108
sample_5,24.200000000000003,-0.0416629713309433
sample_5,24.3,0.047897575567664
sample_5,24.4,0.0500904079308174
sample_5,24.5,-0.4018117947763389
sample_5,24.6,-0.1167277360240514
sample_5,24.700000000000003,0.6461207511319437
sample_5,24.8,0.3056534431312636
sample_5,24.9,-0.473520294406075
sample_5,25.0,-0.3293817792728002
sample_5,25.1,0.0104234655807743
sample_5,25.200000000000003,0.0988253390190385
sample_5,25.3,0.2393361046714482
sample_5,25.4,0.0667675776607223
sample_5,25.5,-0.3696356819502226
sample_5,25.6,-0.1051669128377196
sample_5,25.700000000000003,0.6359732459204501
sample_5,25.8,0.2866953510334752
sample_5,25.9,-0.4903969115403861
sample_5,26.0,-0.3348613263261206
sample_5,26.1,0.01385638840071
sample_5,26.200000000000003,0.1072688349058466
sample_5,26.3,0.2524591924139026
sample_5,26.4,0.0764056301656638
sample_5,26.5,-0.2814686480414695
sample_5,26.6,-0.1196045580323076
sample_5,26.700000000000003,0.5088273575410937
sample_5,26.8,0.0081903748326963
sample_5,26.9,-0.5579717721173209
