t_sec,range_detrended,heartbeat
0.0,0.39965526673306484,5.636223760232509e-05
0.09009863281249864,0.5010638375398735,0.06066375928555217
0.18019726562499727,0.5220393817072018,0.02249329264338123
0.2702958984374959,0.4133615504579271,-0.0399362354675225
0.36039453124999454,0.5268017103359914,-0.031564228214030335
0.4504931640624932,0.5554213926855973,0.003677467897515331
0.5405917968749918,0.5057449073507048,-0.0009308356209523124
0.6306904296874905,0.5059805391793568,-0.018899602124546104
0.7207890624999891,0.507217926525817,-0.009311179517955587
0.8108876953124877,0.46857216406796276,0.01837190734808353
0.9009863281249864,0.4329993245966537,0.04099730969624147
0.991084960937485,0.39207907868910286,0.038573136592967364
1.0811835937499836,0.32974179688830185,0.005572065796582401
1.1712822265624823,0.1652712222165741,-0.020561238827809872
1.261380859374981,0.16555744360064784,-0.008848795007574052
1.3514794921874795,0.1629553874277777,0.0026169839317785317
1.4415781249999782,-0.0020394659876057375,-0.026440743442438366
1.5316767578124768,-0.004317540611548321,-0.05830339692730403
1.6217753906249754,-0.004081223233310838,-0.03768283930161787
1.711874023437474,-0.003236940394921617,0.021090578585813376
1.8019726562499727,0.05147231121030538,0.05814931222558543
1.8920712890624714,0.049822882305118,0.04452139386794649
1.98216992187497,-0.018511470264989116,0.007240053325034894
2.0722685546874686,-0.014307105710667067,-0.012501607382245804
2.1623671874999673,-0.007288632556405328,-0.008880086769517735
2.252465820312466,-0.009377810807338904,-0.0044417082845733475
2.3425644531249645,-0.010088910114670724,-0.008221991691631708
2.432663085937463,-0.009802688730596976,-0.00962567822215674
2.522761718749962,-0.009516467346523227,-0.004456435990170793
2.6128603515624604,-0.00923024596244948,0.0002905738495412619
2.702958984374959,-0.008944024578375731,0.0018744867567603617
2.7930576171874577,-0.008870006903449745,0.003309053807192125
2.8831562499999563,-0.011595792532578031,0.004211934659544662
2.973254882812455,-0.011432599468567561,0.002284520276721504
3.0633535156249536,-0.012899414165648992,-0.00045854908673054347
3.1534521484374523,-0.01495087486878055,-0.001724418405317099
3.243550781249951,-0.016068697762283257,-0.004088098375605353
3.3336494140624495,-0.018018124664434088,-0.007572126902102079
3.423748046874948,-0.01773190328036034,-0.005055657952761308
3.513846679687447,-0.01744568189628659,0.003841370816752495
3.6039453124999454,-0.017159460512212843,0.007588393820208994
3.694043945312444,-0.017785575170647938,0.005636076409660386
3.7841425781249427,-0.03397698788291237,0.012831386816856031
3.8742412109374413,-0.03358477609580812,0.023018670109759467
3.96433984374994,-0.031859069844537125,0.006857654418717892
4.054438476562439,-0.11037786238438119,-0.030993858542383526
4.144537109374937,-0.11162613617087258,-0.043456816698112716
4.234635742187436,-0.0818487548515544,-0.014152141790863647
4.3247343749999345,-0.054087841601920816,0.016931415119890866
4.414833007812433,-0.05585440194664126,0.019452016314238135
4.504931640624932,-0.05405474084183881,0.008862109907100579
4.59503027343743,-0.05354875900550471,0.005087561144143864
4.685128906249929,-0.05025571710498944,0.004655751332311388
4.775227539062428,-0.04926018440783175,0.0015982884510718867
4.865326171874926,-0.04141507432671909,-0.0007223133873510482
4.955424804687425,-0.041128852942645344,-0.0017331689835946463
5.045523437499924,-0.040842631558571596,-0.004304667327836404
5.135622070312422,-0.04055641017449785,-0.006305101297377033
5.225720703124921,-0.0402701887904241,-0.005589504991078599
5.3158193359374195,-0.03998396740635035,-0.0051019568342015025
5.405917968749918,-0.0396977460222766,-0.004004699090431599
5.496016601562417,-0.03854498766851189,0.0034370041333474234
5.586115234374915,-0.03014640752548936,0.01318464901014567
5.676213867187414,-0.03139134001577282,0.0121271707380906
5.766312499999913,-0.053376942875143385,-0.0001206726285990238
5.856411132812411,-0.06355321271337266,-0.008266078804604988
5.94650976562491,-0.058951510444734345,-0.005271910857555304
6.036608398437409,-0.06339848420625838,-0.000597306078762244
6.126707031249907,-0.06311226282218463,-0.0009785115732174408
6.216805664062406,-0.06282604143811077,-0.0012698606640536437
6.3069042968749045,-0.06253982005403702,0.0015767007149430083
6.397002929687403,-0.06225359866996327,0.001670756385734442
6.487101562499902,-0.061967377285889524,-0.002685000797978873
6.5772001953124,-0.061681155901815776,-0.0028867611184312516
6.667298828124899,-0.05897168313485712,0.004413001806653817
6.757397460937398,-0.0390235333297807,0.00850420371838557
6.847496093749896,-0.05797611408981307,0.0019067679533978665
6.937594726562395,-0.06061907379014797,-0.006759437013108302
7.027693359374894,-0.06094245187905134,-0.007703806162690871
7.117791992187392,-0.06065623049497759,-0.003620787073732783
7.207890624999891,-0.06043659011547331,5.411857147887789e-05
7.2979892578123895,-0.060727289249441596,0.003987947094568933
7.388087890624888,-0.06093113271573902,0.007899308595440042
7.478186523437387,-0.06645962333261235,0.00736341129433369
7.568285156249885,-0.08486287321918617,0.0014966608823174723
7.658383789062384,-0.08745219300558371,-0.004841695949243582
7.748482421874883,-0.10415103580573593,-0.0073722884930757055
7.838581054687381,-0.10386481442166218,-0.005760565147205693
7.92867968749988,-0.10370779875762925,-0.0019156541466830465
8.018778320312379,-0.10465595619606427,0.0017732311693871002
8.108876953124877,-0.10443207469579052,0.0034513529261062724
8.198975585937376,-0.10515842177282031,0.0028293098705789747
8.289074218749874,-0.10877792821753263,0.0012166614574395953
8.379172851562373,-0.1085120062313858,9.84896301009882e-05
8.469271484374872,-0.10846355222271198,-0.00017674980131876283
8.55937011718737,-0.1081147107461472,-9.880416547828792e-05
8.649468749999869,-0.10708921851965791,-2.9625546219311357e-05
8.739567382812368,-0.10675789311572892,-5.385336745270366e-05
8.829666015624866,-0.10630606573314705,-0.00018434275863605962
8.919764648437365,-0.10674236796506065,-0.00031475421656446557
9.009863281249864,-0.1064561465809869,-0.00036459137759499953
9.099961914062362,-0.10632641658999253,-0.00044143011419536945
9.19006054687486,-0.10711751371086908,-0.0005942366946130899
9.28015917968736,-0.10683129232679534,-0.0006805716217029831
9.370257812499858,-0.10651221936788902,-0.0005044641982770487
9.460356445312357,-0.10585710213689159,0.0001442965683667748
9.550455078124855,-0.10476473136156073,0.0011423212178365433
9.640553710937354,-0.10364269342566967,0.001640054551897298
9.730652343749853,-0.10410733757664414,0.0009937578238673468
9.820750976562351,-0.10483368370368851,-2.7832922168781943e-06
9.91084960937485,-0.10474209573803717,-0.0002509731638173918
10.000948242187349,-0.10466354105424192,-0.0003571902941898699
10.091046874999847,-0.10555775151900648,-0.0014723650104760855
10.181145507812346,-0.10653602354406477,-0.002505950878684092
10.271244140624844,-0.10578506577258617,-0.0012421145268031006
10.361342773437343,-0.10223501214369579,0.0016496758245128922
10.451441406249842,-0.10225635179000836,0.0028048001456579307
10.54154003906234,-0.1035109690772783,0.0011478529735155624
10.631638671874839,-0.10580216737441905,-0.00041259530831605604
10.721737304687338,-0.1055159459903453,0.00028078667744804546
10.811835937499836,-0.10522972460627156,0.0012599591050188475
10.901934570312335,-0.10557979816435714,2.422158311190183e-05
10.992033203124834,-0.11071125302578111,-0.0022824918987237033
11.082131835937332,-0.11002277860124854,-0.002992988059667822
11.17223046874983,-0.10973655721717479,-0.0018403516398627698
11.26232910156233,-0.10945033583310093,-0.0003811710865995917
11.352427734374828,-0.10916411444902718,0.00048204627735132097
11.442526367187327,-0.10866249316898946,0.0011186845293145358
11.532624999999825,-0.1071636035422201,0.002707767053491004
11.622723632812324,-0.10693915597618675,0.005354276305735868
11.712822265624823,-0.10677005649254412,0.005959115920842269
11.802920898437321,-0.1083007693431921,0.0014157007446956068
11.89301953124982,-0.1228879244126001,-0.005598505850022617
11.983118164062319,-0.12260170302852635,-0.008897356964292686
12.073216796874817,-0.1223154816444526,-0.006693593528449524
12.163315429687316,-0.12202926026037886,-0.0027244036856948575
12.253414062499814,-0.12174303887630511,-0.0008225284735101652
12.343512695312313,-0.12173025901865442,-0.001140917113153062
12.433611328124812,-0.12277687024681028,0.00032386145084936104
12.52370996093731,-0.11826959949883997,0.007860915936870556
12.613808593749809,-0.09646319499957501,0.017872975168837242
12.703907226562308,-0.10567514669954681,0.018071603485537355
12.794005859374806,-0.09967456346921777,0.0024311834286923563
12.884104492187305,-0.10981534332683918,-0.01628302382357637
12.974203124999804,-0.10558121109274243,-0.02011112929643172
13.064301757812302,-0.060628990621659606,-0.009837987522582723
13.1544003906248,-0.037167241115210636,-0.001338870381756562
13.2444990234373,-0.01345971161633086,-0.0007901161091536068
13.334597656249798,0.018732071437447706,-0.00033350936384814677
13.424696289062297,0.04576204332817757,0.0036492252185570183
13.514794921874795,0.06116296486904449,0.004740086229573927
13.604893554687294,0.07614087531798919,0.0009700893909572443
13.694992187499793,0.09473228190737704,0.0023969705589456207
13.785090820312291,0.09039953504565923,0.014387742825691326
13.87518945312479,0.10442028951823812,0.02003760391341782
13.965288085937289,0.07409815376635731,2.5658134543499677e-05
14.055386718749787,0.01031090182893235,-0.029265784590639606
14.145485351562286,0.010597123213006099,-0.027864097114967325
14.235583984374784,0.010252385752033022,0.008023864370521482
14.325682617187283,0.0061888523462444445,0.03235225330429892
14.415781249999782,-0.013472979219921077,0.013647703036232174
14.50587988281228,-0.09684845529938901,-0.01972198441215846
14.595978515624779,-0.09622376757862305,-0.024984885060721253
14.686077148437278,-0.09471220679883086,-0.005333808421526993
14.776175781249776,-0.09270851421054571,0.008055431158869966
14.866274414062275,-0.09443863118691287,0.007594875434579368
14.956373046874774,-0.09360972126554579,0.007031161810909226
15.046471679687272,-0.09332349988147204,0.008406994174424013
15.13657031249977,-0.0930886876893059,0.004302292228245521
15.22666894531227,-0.09316828142926958,-0.0016254475386302389
15.316767578124768,-0.09351282042290965,-0.00305185532541101
15.406866210937267,-0.0932265990388359,-0.006466082616891953
15.496964843749765,-0.09294037765476215,-0.014744632714123514
15.587063476562264,-0.0926541562706884,-0.011971233277982924
15.677162109374763,-0.0783399216515911,0.009369654838524618
15.767260742187261,-0.03765287825167485,0.026065222258174533
15.85735937499976,-0.06759897167441042,0.017242376309812218
15.947458007812259,-0.08183575633353823,-0.0031455329082647828
16.037556640624757,-0.08301770808443709,-0.012447101931026258
16.127655273437256,-0.08879704147522505,-0.011511958924454438
16.217753906249754,-0.0890171877595326,-0.010440400176635098
16.307852539062253,-0.08591965795832424,-0.00885957077890377
16.39795117187475,-0.08375199701111158,-0.004442968785854443
16.48804980468725,-0.08313961708032624,0.0004998827692592277
16.57814843749975,-0.08237650608885072,0.006160919460953055
16.668247070312248,-0.08084061922171515,0.012886180682391422
16.758345703124746,-0.07835348263146735,0.014909228132179334
16.848444335937245,-0.08934068508401782,0.008881850239922183
16.938542968749744,-0.09677538562640531,0.0010607582063133093
17.028641601562242,-0.09281938813955803,-0.0013257859159906326
17.11874023437474,-0.06616974975409129,0.002623814993125657
17.20883886718724,-0.05862105196193701,0.006352142710502251
17.298937499999738,-0.0405586232362396,-0.004598300954453498
17.389036132812237,-0.027519235105009643,-0.0330117787003195
17.479134765624735,-0.007988439614308396,-0.04694433838482512
17.569233398437234,0.03153148030159958,-0.015878384588932124
17.659332031249733,0.16084283262595855,0.03142465396968059
17.74943066406223,0.17426753467181866,0.041433257593778985
17.83952929687473,0.17467099680207376,0.01777271548927778
17.92962792968723,0.19500509929214338,0.003204762729492305
18.019726562499727,0.19701162834434383,0.00252508617111935
18.109825195312226,0.18624861352206978,-0.006605058889244781
18.199923828124724,0.1750169347485795,-0.014724937365717113
18.290022460937223,0.17426685162069355,-0.0006243814628081315
18.38012109374972,0.171238124264942,0.016676998375517095
18.47021972656222,0.15256496849049428,0.005960172615273402
18.56031835937472,0.08434453666544217,-0.019844087237418626
18.650416992187218,0.08236407320378814,-0.02542480872657777
18.740515624999716,0.07679583623364039,-0.0089197169746981
18.830614257812215,0.07708205761771414,0.005218228766979548
18.920712890624714,0.07736827900178789,0.008038698827463832
19.010811523437212,0.07685989557461848,0.007986654465794975
19.10091015624971,0.07469647713333749,0.008349230268764963
19.19100878906221,0.07465994549148258,0.006235521861450944
19.281107421874708,0.07494616687555633,0.0026578110600972574
19.371206054687207,0.07523238825963008,0.0005000663262982421
19.461304687499705,0.07470489131884783,-0.0005530644860583459
19.551403320312204,0.07286504287589879,-0.0018768242744624578
19.641501953124703,0.0718105739262489,-0.0033984502944877128
19.7316005859372,0.06770627386581096,-0.004336903332638822
19.8216992187497,0.06540049402724069,-0.0037711910333738446
19.9117978515622,0.06568671541131443,-0.001357753226291442
20.001896484374697,0.06597293679538818,0.001386480771259553
20.091995117187196,0.065398013834988,0.0022293617615088677
20.182093749999694,0.06266177521780181,0.0009387373849536028
20.272192382812193,0.061369453995058554,-0.0006844020498947782
20.36229101562469,0.061451581615472706,-0.0011965821624551206
20.45238964843719,0.06125177845775298,-0.0008490594198326726
20.54248828124969,0.06153799984182673,-0.0006935802036003222
20.632586914062188,0.06182422122590048,-0.0004891846065730114
20.722685546874686,0.062110442609974226,0.001678611885121293
20.812784179687185,0.062396663994047974,0.005707765158152968
20.902882812499683,0.06145708589960697,0.006995608437201539
20.992981445312182,0.05331642277343818,0.0020613027548664043
21.08308007812468,0.03806657637467803,-0.005007767207321961
21.17317871093718,0.034457681141548124,-0.00731150019784607
21.263277343749678,0.03178478059477963,-0.004377168767253097
21.353375976562177,0.030449983954358828,-0.0010815905249599365
21.443474609374675,0.029182170267245455,0.00012984406956762895
21.533573242187174,0.027535820983157766,0.0006774518294837316
21.623671874999673,0.026812725145868188,0.0016159940027642903
21.71377050781217,0.02649197194213737,0.0022363916508611756
21.80386914062467,0.02648353396094061,0.001963521896961611
21.89396777343717,0.02585392951905574,0.0012106000375106205
21.984066406249667,0.025594922028091882,0.0006096802458435745
22.074165039062166,0.02588114341216563,0.00033123902927175504
22.164263671874664,0.02597386268138535,6.518154041519351e-05
22.254362304687163,0.025650574122090486,-0.0005119758546264242
22.34446093749966,0.02477603721349253,-0.0012771471144416866
22.43455957031216,0.024189085165157498,-0.0018447913084805952
22.52465820312466,0.023187682579121294,-0.0020146265986596633
22.614756835937158,0.023473903963195042,-0.0015999069613407432
22.704855468749656,0.02376012534726879,-0.0002678525039934864
22.794954101562155,0.024236880230198654,0.0016285643715109347
22.885052734374653,0.02469829643562116,0.0027313556376946527
22.975151367187152,0.023040770259129317,0.0023072430450144835
23.06524999999965,0.019570070973002562,0.0012348051516471936
23.15534863281215,0.01756606520319881,0.0002785932405539711
23.245447265624648,0.015453660615015408,-0.0009812534888511977
23.335545898437147,0.010800168801960885,-0.002409036657166912
23.425644531249645,0.010201644260957266,-0.002646216620538762
23.515743164062144,0.010487865645031014,-0.0012324497896168535
23.605841796874643,0.010774087029104762,0.0005282569811209379
23.69594042968714,0.01106030841317851,0.0014038441552583973
23.78603906249964,0.011346529797252258,0.0015231394124280051
23.87613769531214,0.011632751181326006,0.0015740414958100154
23.966236328124637,0.011418084411650486,0.00142803781792699
24.056334960937136,0.010760874672964382,0.0002775497511924172
24.146433593749634,0.011154483833859308,-0.0012948991500349924
24.236532226562133,0.011453519043292726,-0.0012755120433770907
24.32663085937463,0.011439901716538081,-0.000478181840818577
24.41672949218713,0.01053857921402701,-0.0026649031122442514
24.50682812499963,0.009433611261413066,-0.00601746283552733
24.596926757812128,0.008903569144360635,-0.002303560903905037
24.687025390624626,0.016517370336580628,0.008124595683102219
24.777124023437125,0.028829529719329505,0.011999006771027542
24.867222656249623,0.006633287505041663,0.00331897633207254
24.957321289062122,0.0005436961212523794,-0.006237604648616702
25.04741992187462,0.00024050359063088056,-0.006385027843419947
25.13751855468712,3.788368172563672e-05,-0.002109805424250436
25.227617187499618,-0.0004429102008138841,-0.0009059616995068135
25.317715820312117,-0.0001566888167401359,-0.001271696705438087
25.407814453124615,0.0003829190850830333,0.00015778312982249568
25.497913085937114,0.0011211146249889836,0.0018879857560617935
25.588011718749613,0.0014073360090627318,0.0018968676319161598
25.67811035156211,0.0015439754145252227,0.0010587034028610646
25.76820898437461,0.0011711541034468143,0.0005265895460091581
25.85830761718711,0.0008426560110142978,0.00013828626971396264
25.948406249999607,0.0011832009241184993,-0.0002841140311585129
26.038504882812106,0.001159949201679611,-0.0004557303738698265
26.128603515624604,0.0014461705857534701,-0.00022608431675893886
26.218702148437103,0.0017323919698272183,0.0002178205151922403
26.3088007812496,0.0017356334347233826,0.0002986917429267142
26.3988994140621,0.000904431245955184,-0.0005197661317026315
26.4889980468746,-0.00010364615934144172,-0.0015513478428107368
26.579096679687098,0.00018257522473230647,-0.0011884917947118795
26.669195312499596,0.0021347265874852583,0.0006539296258876031
26.759293945312095,0.004665514311962826,0.0019084182898984991
26.849392578124593,0.0034976645268265383,0.0012620367544800687
26.939491210937092,0.003464793665250321,-0.00012484226769580466
27.02958984374959,0.0032106206240384294,-0.0008644659529814219
27.11968847656209,0.003455194532856587,-0.0011730350497965924
27.209787109374588,0.003820567942600217,-0.0013156120234581192
27.299885742187087,0.0048807012813812944,-0.0004880233409718681
27.389984374999585,0.00668894170059664,0.001313769473297353
27.480083007812084,0.0075446959272891245,0.0022973619729796608
27.570181640624583,0.006498257861433876,0.001297687979859854
27.66028027343708,0.0034420212289711927,-0.00041946980465044497
27.75037890624958,0.003141602229860707,-0.001124514424299192
27.84047753906208,0.0023914962300878306,-0.000860181554666012
27.930576171874577,0.002076407145775838,-0.0005493953805548733
28.020674804687076,0.002224201797519365,-0.00036337415151520627
28.110773437499574,0.002197038212028546,-6.438913499915821e-05
28.200872070312073,0.002385868538017699,0.00018032945227403456
28.29097070312457,0.002576751984031511,0.00016803671126890978
28.38106933593707,0.0026284800567860644,9.862962991609572e-05
28.47116796874957,0.003202881796182333,0.00017093583619482656
28.561266601562068,0.0034891031802560812,0.0002576327786465374
28.651365234374566,0.0037753245643298294,0.0002187181525756339
28.741463867187065,0.004061545948403578,0.0001468587630578356
28.831562499999563,0.004202190140137563,0.00014505822642375455
28.921661132812062,0.004254785000273098,0.00012391326373737855
29.01175976562456,0.004302081274010883,-3.9935252655294204e-05
29.10185839843706,0.004004163485318846,-0.0002746595683204517
29.191957031249558,0.003962085048092923,-0.00037106657231621187
29.282055664062057,0.004248306432166671,-0.0002335033139229576
29.372154296874555,0.004534527816240419,1.6831235584174932e-05
29.462252929687054,0.004820749200314167,0.00017058049043051628
29.552351562499553,0.00500427728341879,0.00011532211931249638
29.64245019531205,0.0049934983194993565,-7.755584888251719e-05
29.73254882812455,0.0049471615825354975,-0.00024950484653664775
29.82264746093705,0.005021100010930479,-0.000320520694513017
29.912746093749547,0.0053073213950042275,-0.0002457017360137311
30.002844726562046,0.005593542779077976,8.365150463937621e-05
30.092943359374544,0.006022672938953533,0.0005953148317226493
30.183041992187043,0.00651631171254452,0.0008601368489096512
30.27314062499954,0.0062583194229726136,0.0005880789418726476
30.36323925781204,0.005603007087993994,8.316678798217012e-05
30.45333789062454,0.005871174478369823,-0.0001981757913726145
30.543436523437038,0.006129580204242258,-0.00022458294840480898
30.633535156249536,0.006415801588316006,-0.00025200406563855146
30.723633789062035,0.006702022972389754,-0.0004737615137786523
30.813732421874533,0.006988244356463502,-0.0008393075229668036
30.903831054687032,0.00727446574053725,-0.0009711580350439584
30.99392968749953,0.0075606871246109986,-0.000647412674777292
31.08402832031203,0.007846908508684858,-0.0003164972546620392
31.174126953124528,0.00806879761135526,-0.0001293400566625447
31.264225585937027,0.008263872403358463,0.0009386803821545055
31.354324218749525,0.008550093787432211,0.003023470667337929
31.444422851562024,0.00889233392669564,0.00359659522618787
31.534521484374523,0.004993569613904736,0.0008510853520676525
31.62462011718702,-0.0015234790327709469,-0.002608342440327214
31.71471874999952,-0.0015150240481092148,-0.0031413037502007607
31.80481738281202,-0.0011399698657855728,-0.001317060357547279
31.894916015624517,-0.0010175721808332039,-0.0001277964738250866
31.985014648437016,-0.0011898728920173296,-0.00020058646140596904
32.075113281249514,-0.0010420460187906544,-0.00021094525903677335
32.16521191406201,-0.0007627498727749149,0.00011240846685326298
32.25531054687451,-0.00048607523081678483,0.00023877386074843735
32.34540917968701,-0.00019985384674303663,0.0003457596419498025
32.43550781249951,0.00013436530012145287,0.0006830879136009775
32.52560644531201,0.0003188372047586707,0.0008363774461360999
32.615705078124506,-0.00045274985506116305,0.0005796087809249605
32.705803710937005,-0.0016556002879988263,0.0002493229204779333
32.7959023437495,-0.001717095561485138,0.0001741575858800946
32.886000976562,-0.0014308741774113898,0.0006080881975413657
32.9760996093745,-0.0017629293019457704,0.0012415853903646537
33.066198242187,-0.002417701552921314,0.000615920775912436
33.1562968749995,-0.0024283000362785856,-0.0014167267955113442
33.246395507812,-0.002258305033587482,-0.0020011240622304256
33.336494140624495,-0.001972083649513845,-0.0008567964615373219
33.426592773436994,-0.0017373274536689465,-0.003115651043430853
33.51669140624949,-0.0015122222632344418,-0.008182066121922021
33.60679003906199,-0.0012260008791606936,-0.004728155807652084
33.69688867187449,0.010502493562734916,0.009821127662198356
33.78698730468699,0.03402694144093288,0.018087935360649204
33.87708593749949,0.009076981553449937,0.008120292016772668
33.967184570311986,-8.111534286570077e-05,-0.006527131920230917
34.057283203124484,0.00020510604120804743,-0.009303279807151647
34.14738183593698,0.0004913274252817956,-0.004390293182436285
34.23748046874948,0.0007775488093555438,-0.002810179122851648
34.32757910156198,0.0009770371900231778,-0.0036387904409387922
34.41767773437448,0.0011547885060574359,-0.0017549872779085538
34.50777636718698,0.001348213571452872,0.0009887578026046531
34.597874999999476,0.001521139982801567,0.0019017759942536686
34.687973632811975,0.001657055539447505,0.003529249885958841
34.77807226562447,0.0012913913754759587,0.00674829468065519
34.86817089843697,0.0006829056503291353,0.006524435091302828
34.95826953124947,-0.008071452395017387,0.0004244535550186916
35.04836816406197,-0.018464288837578224,-0.005737648645333368
35.13846679687447,-0.018178067453504476,-0.00615110513046867
35.22856542968697,-0.017891846069430728,-0.002823118280163373
35.318664062499465,-0.01760562468535698,-0.0006155678153696505
35.408762695311964,-0.017155648326032447,-0.0001347530090440944
35.49886132812446,-0.016745070632801395,0.000505669635005564
35.58895996093696,-0.016189979909527308,0.0014397391374051276
35.67905859374946,-0.015226043544419032,0.0017259375158255508
35.76915722656196,-0.014625743037777528,0.0013775030943513449
35.85925585937446,-0.01433952165370378,0.0008878498902452823
35.949354492186956,-0.014053300269630031,0.00037506646893406624
36.039453124999454,-0.013767078885556172,-9.733656441128521e-05
36.12955175781195,-0.013480857501482535,-0.00038022945032864416
36.21965039062445,-0.013289164513547003,-0.000558088529186282
36.30974902343695,-0.013370087162325017,-0.0007528024003562592
36.39984765624945,-0.013392511225178039,-0.0007752761563027569
36.48994628906195,-0.013049208938024082,-0.0004550143403106833
36.580044921874446,-0.012744838743191211,-3.409975702428854e-05
36.670143554686945,-0.012576508642224704,0.00016532956755303883
36.76024218749944,-0.01252603971965316,0.00018558112099931193
36.85034082031194,-0.012309390111237217,0.0002362373922234436
36.94043945312444,-0.012023168727163469,0.00031987158985514563
37.03053808593694,-0.011736947343089721,0.00031799195385851355
37.12063671874944,-0.011450725959015973,0.00023696556204932188
37.21073535156194,-0.011164504574942224,0.00014823783462759545
37.300833984374435,-0.010878283190868476,3.3521082868586863e-05
37.390932617186934,-0.010679783387505748,-0.00014083645930395195
37.48103124999943,-0.010462157116477133,-0.00029959275175537296
37.57112988281193,-0.010146032014328732,-0.0003356196490901798
37.66122851562443,-0.009706179174636231,-0.00024144396011890478
37.75132714843693,-0.009227599335079328,-8.507383145174695e-05
37.84142578124943,-0.008766012473954032,7.738138422537868e-05
37.931524414061926,-0.008268092283568285,0.00020388363674933067
38.021623046874424,-0.007981870899494536,0.00024296825941752425
38.11172167968692,-0.007695649515420788,0.00017231095818078697
38.20182031249942,-0.007538083271872553,3.9798705796673805e-05
38.29191894531192,-0.007366738277747253,-7.167924610064448e-05
38.38201757812442,-0.0071049357023330595,-0.00011686167842036103
38.47211621093692,-0.006840963233200714,-0.000106727402747617
38.562214843749416,-0.0065117075014134995,-6.58436401068196e-05
38.652313476561915,-0.0062114196548781475,-7.9573093883714e-06
38.74241210937441,-0.005885574716144926,4.3904783713944285e-05
38.83251074218691,-0.0055908245676754564,5.854001202517025e-05
38.92260937499941,-0.005353858070144657,3.454888914194543e-05
39.01270800781191,-0.005067636686070909,4.266887530554001e-06
39.10280664062441,-0.004781415301997161,-5.900892279986044e-06
39.19290527343691,-0.004429607365965871,7.148037955002775e-06
39.283003906249405,-0.004086116676032758,3.0462016583706455e-05
39.373102539061904,-0.00379989529195901,3.936962029828736e-05
39.4632011718744,-0.003513673907885262,2.8100823456862148e-05
39.5532998046869,-0.0032274525238115137,1.3027919559849218e-05
39.6433984374994,-0.0033315682828194415,-6.557519992377836e-05
39.7334970703119,-0.003450282299134244,-0.0002900531093314522
39.8235957031244,-0.0034915146316640833,-0.00042944825566454436
39.913694335936896,-0.0035265968433820793,-4.3794212736062965e-05
40.003792968749394,-0.003240375459308331,0.000662532752399681
40.09389160156189,-0.003200847345517399,0.0007337932736157926
40.18399023437439,-0.004879332030828576,-0.00011235805488726589
40.27408886718689,-0.0062281340948325825,-0.0007912183590653507
40.36418749999939,-0.006073346209703567,-0.00042228955289121524
40.45428613281189,-0.005990210164239396,0.0003622794731303059
40.544384765624386,-0.006161988875487467,0.0005457076362481046
40.634483398436885,-0.006734917071874791,0.00019113977258200727
40.72458203124938,-0.006941024912248461,-3.086538845956819e-05
40.81468066406188,-0.006657622294092946,4.9306789284570805e-05
40.90477929687438,-0.006371400910019198,0.00012530588826549475
40.99487792968688,-0.00608517952594545,-1.7195215316992697e-05
41.08497656249938,-0.005798958141871702,-0.0003379802954523041
41.17507519531188,-0.005783433448483866,-0.0006381933989102321
41.265173828124375,-0.005712679968066792,-0.0007751405894188243
41.355272460936874,-0.0057171737773400455,-0.0008169587969690989
41.44537109374937,-0.005589292841850391,-0.0006447476140775702
41.53546972656187,-0.005145715622902003,0.0002484726188963936
41.62556835937437,-0.004821578246658076,0.0016792587027416965
41.71566699218687,-0.004604631214769506,0.0022575477258238927
41.80576562499937,-0.006218256351131712,0.001389092373013922
41.895864257811866,-0.007851209246770519,0.0004538419152788587
41.985962890624364,-0.009031029635690357,0.0001614252128647786
42.07606152343686,-0.009624630162780923,-0.0007097844449177667
42.16616015624936,-0.009107060594314875,-0.0017778369490649923
42.25625878906186,-0.008846872149906537,-0.0010192510463015295
42.34635742187436,-0.008560650765832789,-0.0006201828139007636
42.43645605468686,-0.00827442938175904,-0.004431728148943774
42.526554687499356,-0.008040843411942777,-0.007131716181763338
42.616653320311855,-0.00779313868006859,0.0004068986860829973
42.70675195312435,0.013809692538867435,0.012183539076531347
42.79685058593685,0.014114248457694933,0.012055576589203044
42.88694921874935,-0.006565254217233751,-3.47223008738815e-05
42.97704785156185,-0.006279032833159892,-0.007866437180473997
43.06714648437435,-0.005870471061215521,-0.005193815963684987
43.15724511718685,-0.005270201259173102,-0.001110016294161494
43.247343749999345,-0.004829192427043161,-0.0010373300494433803
43.337442382811844,-0.0045429710429694126,-0.0010911342646636726
43.42754101562434,-0.004256749658895664,0.0007425633249143763
43.51763964843684,-0.003970528274821916,0.001752405833545581
43.60773828124934,-0.004071540187244205,0.001095487238604668
43.69783691406184,-0.00407295691578502,0.0006128315646152762
43.78793554687434,-0.0037867355317112716,0.0007162519468998064
43.878034179686836,-0.0035005141476375234,0.0003850583129942838
43.968132812499334,-0.0032142927635637752,-0.0003216648076814978
44.05823144531183,-0.002928071379490027,-0.0006408129024918487
44.14833007812433,-0.002641849995416279,-0.0006698389182454304
44.23842871093683,-0.0021150792461954726,-0.0007431390117907938
44.32852734374933,-0.0016225930353094276,-0.00040615906037653966
44.41862597656183,-0.0013363716512356794,0.0005519329213020245
44.508724609374326,-0.00014124141334648233,0.0011176385178108944
44.598823242186825,-0.0016258461829004034,0.0005012524969779072
44.68892187499932,-0.003297518071875949,-0.0004437150971989903
44.77902050781182,-0.0030185200715577842,-0.0005426541765304652
44.86911914062432,-0.0031437174758326414,-6.608100040819983e-06
44.95921777343682,-0.003087541503795088,0.00027760898470049507
45.04931640624932,-0.0027615729787292542,0.00015506642138798487
45.13941503906182,-0.0026016240740742713,2.850750517342647e-05
45.229513671874315,-0.002233106320634781,2.3398692648712375e-05
45.319612304686814,-0.0016090732495848137,-6.0444023776268646e-05
45.40971093749931,-0.001050147501756582,-0.00030500361154043703
45.49980957031181,-0.0007725320550628911,-0.0005485038546975305
45.58990820312431,-0.0005650049251800793,-0.0006711605495160835
45.68000683593681,-0.00023832884328689463,-0.0006681286692604377
45.77010546874931,0.00011209162503789116,-0.0002580824925029032
45.860204101561806,0.00041983963826353055,0.0009454275032564192
45.950302734374304,0.001265888926160419,0.002316036844798263
46.0404013671868,-0.00019987071338234408,0.0021946536512129295
46.1304999999993,-0.0035726431120419733,4.4549520588503515e-05
46.2205986328118,-0.007458149038904849,-0.0022433439304544484
46.3106972656243,-0.008881597478767156,-0.002471038804231042
46.4007958984368,-0.008191381678175791,-0.000841490542090064
46.490894531249296,-0.007633787647837398,0.0007012819306851881
46.580993164061795,-0.00734756626376365,0.001177487646261927
46.67109179687429,-0.007061344879689901,0.0012219106856100389
46.76119042968679,-0.006775123495616153,0.0012859283345569945
46.85128906249929,-0.006488902111542405,0.0006627907954074285
46.94138769531179,-0.007728708169150722,-0.0010680484183575257
47.03148632812429,-0.008359883062865614,-0.0026426933755598378
47.12158496093679,-0.008073661678791866,-0.0025552958940980937
47.211683593749285,-0.007595353781456926,-0.0014557736177546125
47.301782226561784,-0.0072012543130621776,-0.0009543567690707646
47.39188085937428,-0.007640156746071436,-0.00013001802243603762
47.48197949218678,-0.00609290860220324,0.0031844590571604168
47.57207812499928,-0.005120082049532182,0.00698828922861802
47.66217675781178,-0.005177740837052691,0.0062107867218021695
47.75227539062428,-0.014027833373214893,0.00086726709944655
47.842374023436776,-0.018740567896898153,-0.0032457489063928723
47.932472656249274,-0.018749766975273086,-0.0037464411599149442
48.02257128906177,-0.018435404868787475,-0.003976637168276664
48.11266992187427,-0.018004691649671334,-0.005164661204004704
48.20276855468677,-0.017718470265597586,-0.005169357903032208
48.29286718749927,-0.014691983380060059,-0.004326676938468311
48.38296582031177,-0.007528216089517703,-0.0026239568650070566
48.473064453124266,-0.0037505553376286915,0.004524794594292063
48.563163085936765,0.006657280025593737,0.015662583246049012
48.65326171874926,0.016932789034516227,0.017363022245835306
48.74336035156176,-0.0067821030938720606,0.003516963470834032
48.83345898437426,-0.02183804991699556,-0.0113314664640461
48.92355761718676,-0.02079248891311425,-0.012577432332370114
49.01365624999926,-0.019371092437764137,-0.005527538607980362
49.10375488281176,-0.01857116914754975,-0.002036810945765224
49.193853515624255,-0.01790247927076971,-0.001997374537590585
49.283952148436754,-0.017164123323331393,0.0003640873234951994
49.37405078124925,-0.014000033143075075,0.00391965049811334
49.46414941406175,-0.01278351129152655,0.004240074943422665
49.55424804687425,-0.012827108437564516,0.0021101490359484824
49.64434667968675,-0.012540887053490768,0.0012535174877470062
49.73444531249925,-0.008393833698773445,0.0019080279403733442
49.824543945311746,-0.006362503209990655,0.0016390206535954325
49.914642578124244,-0.005876676579710249,-0.00011811450819918041
50.00474121093674,-0.004530397394581276,-0.0019298065158455725
50.09483984374924,-0.003845633708535301,-0.0029905413148636306
50.18493847656174,-0.003077578527363456,-0.0034283358606267103
50.27503710937424,-0.002534258386340249,-0.003269622724904088
50.36513574218674,-0.0014779272217482209,-0.0023114747545549554
50.455234374999236,-0.0006477530494638506,-0.000198280608761423
50.545333007811735,-0.00027235518433654793,0.0028943151153730503
50.63543164062423,-0.0007010199908612513,0.004988199850541284
50.72553027343673,-0.005337479553535696,0.0041234356088973795
50.81562890624923,-0.010050157625625666,0.002130751732224808
50.90572753906173,-0.014735770077418886,0.0021077174635799095
50.99582617187423,-0.018592499926682438,0.0018632619715087894
51.08592480468673,-0.022909000339410568,-0.0024639485382264466
51.176023437499225,-0.02934270921133697,-0.006524266728326401
51.266122070311724,-0.026860266371716013,-0.0037653820840646626
51.35622070312422,-0.02398942772138235,-0.0003450154767237145
51.44631933593672,-0.02339038289845996,-0.005627185181429877
51.53641796874922,-0.023104161514386212,-0.009989453674189226
51.62651660156172,-0.02303880682624182,0.001763370388456355
51.71661523437422,0.01604249517664358,0.018261453132237523
51.806713867186716,0.006606714038004946,0.015561287069441265
51.896812499999214,-0.01654420438609383,-0.001932424433241223
51.98691113281171,-0.01136027333650147,-0.009612996849803513
52.07700976562421,-0.010096424945440274,-0.0034636920723585796
52.16710839843671,-0.009340547023416246,0.0005251309299958184
52.25720703124921,-0.012136812440549316,-0.002583595862094176
52.34730566406171,-0.013937085347333622,-0.004153238210900469
52.437404296874206,-0.013934911999455513,-0.001245657137504074
52.527502929686705,-0.013648690615381764,0.0014533353949816713
52.6176015624992,-0.013567331710674257,0.0019878138552766314
52.7077001953117,-0.013365809239529791,0.001779130804426034
52.7977988281242,-0.015776749508291887,0.0012158281770585826
52.8878974609367,-0.01637171697275619,0.00034444468203179276
52.9779960937492,-0.015245434323914453,7.370978314744472e-05
53.0680947265617,-0.014693146011143465,0.00044179688561298724
53.158193359374195,-0.014406924627069717,0.00031964420366750973
53.248291992186694,-0.014120703242995969,-0.0006362335497363199
53.33839062499919,-0.01383448185892222,-0.0013979051278422707
53.42848925781169,-0.013548260474848473,-0.0010999523873764512
53.51858789062419,-0.011860453938537407,-0.0002818026175140929
53.60868652343669,-0.011047827883108763,2.5123887001704545e-05
53.69878515624919,-0.010761606499035015,0.00012199952752455389
53.788883789061686,-0.009893678525189298,0.0010391010123038701
53.878982421874184,-0.009373641787274178,0.00202183537913295
53.96908105468668,-0.00908742040320043,0.0010921019071586744
54.05917968749918,-0.013300694960048598,-0.0014072854943579197
54.14927832031168,-0.015093786692696454,-0.0027342729269839387
54.23937695312418,-0.01304809880160862,-0.0015981067179825612
54.32947558593668,-0.01230704291037521,0.0006313936418098807
54.419574218749176,-0.012144532912974904,0.0021585004220273703
54.509672851561675,-0.011142757412664461,0.001953832697533491
54.59977148437417,-0.014241182464542645,5.284345616337382e-05
54.68987011718667,-0.016658860981899837,-0.0018018441024881579
54.77996874999917,-0.016000544493768976,-0.001642624597358035
54.87006738281167,-0.013185066658301325,0.00013252712584461109
54.96016601562417,-0.012160456949796061,0.0015589907347479878
55.05026464843667,-0.009815687837359421,0.0018210096694430715
55.140363281249165,-0.009162231785508457,0.0012139492966109543
55.230461914061664,-0.009033311969746882,-0.00028959777842752426
55.32056054687416,-0.008747090585673134,-0.0023518898403948364
55.41065917968666,-0.008460869201599386,-0.0033156750338208616
55.50075781249916,-0.004383284151035172,-0.0019408866427713405
55.59085644531166,-0.0009068780989325287,0.0005254819951557682
55.68095507812416,0.001595767051864816,0.0017019480580239613
55.771053710936656,0.002439212746702779,0.001272581049560838
55.861152343749154,0.0030031508800170137,0.0011252015017355877
55.95125097656165,0.003735184347277709,0.0020018230238084316
56.04134960937415,0.004931136348089615,0.002260838649121445
56.13144824218665,0.004967060739742624,0.0011545914401231237
56.22154687499915,0.004384980177985276,0.0002113317049634878
56.31164550781165,0.00436045374741012,-0.0006569262215810181
56.401744140624146,0.004934883577511373,-0.0036539036439883453
56.491842773436645,0.005317202838799773,-0.0068620703329580835
56.58194140624914,0.0066015065022398955,-0.0045302325913612026
56.67204003906164,0.022517343719733685,0.00263588174136596
56.76213867187414,0.02792541260823611,0.006249970810870721
56.85223730468664,0.027859747877518548,0.003129361444652563
56.94233593749914,0.027989433157131205,-0.00038751674130485633
57.032434570311636,0.032869657205419345,7.595542093149945e-05
57.122533203124135,0.03471159091463927,0.0012572556672032988
57.212631835936634,0.03498170969718728,0.00021290659713646355
57.30273046874913,0.03526793108126103,-0.0011288128234417478
57.39282910156163,0.035554152465334776,-0.0009982583404491293
57.48292773437413,0.03503542557983608,-0.000546323120159558
57.57302636718663,0.03503017461421121,-0.0006848065709245068
57.66312499999913,0.034598210973291965,-0.0006914846026966324
57.753223632811626,0.034665346332564684,-0.0001948969269934967
57.843322265624124,0.03495156771663843,0.00023495108914848748
57.93342089843662,0.03523778910071229,0.0003145679679565465
58.02351953124912,0.03552401048478604,0.00025164486617092354
58.11361816406162,0.03581023186885979,0.00010700757256870123
58.20371679687412,0.036096453252933536,-0.00010187853615027454
58.29381542968662,0.036382674637007284,-0.0001448512940212425
58.383914062499116,0.03666889602108103,1.8237085891790786e-06
58.474012695311615,0.03695511740515478,3.517653002915489e-05
58.56411132812411,0.03634119357874499,-4.7893035843757375e-05
58.65420996093661,0.0363974019479264,0.00014097035311468653
58.74430859374911,0.03668362333200015,0.0006596577812360763
58.83440722656161,0.036969844716073896,0.0011028903487924236
58.92450585937411,0.037256066100147645,0.0012104248850334303
59.014604492186606,0.03754228748422139,0.0009583662080188334
59.104703124999105,0.03782850886829514,0.0002658213955097042
59.194801757811604,0.03811473025236889,-0.0007505881618702753
59.2849003906241,0.03840095163644264,-0.0016768149513042316
59.3749990234366,0.038687173020516386,-0.002449452266923564
59.4650976562491,0.038973394404590134,-0.0032249916596237566
59.5551962890616,0.039026765533913266,-0.0032993891259097976
59.6452949218741,0.03955543509198245,-0.001769474869518205
59.735393554686596,0.040433386719788245,0.0005562954519790868
59.825492187499094,0.04050721063767704,0.002329969347603914
59.91559082031159,0.0406959570216342,0.004312920548965148
60.00568945312409,0.04064690238069457,0.0071219795734538864
60.09578808593659,0.04085615664431719,0.008016875994755694
60.18588671874909,0.041142378028390936,0.005609496433082503
60.27598535156159,0.042849080340278234,0.00349003011777381
60.366083984374086,0.041795554658253686,0.0007074342853123966
60.456182617186585,0.041377048395183746,-0.011504372353928198
60.54628124999908,0.04160325748337412,-0.029251863709232048
60.63637988281158,0.04188947886744787,-0.028516517274819717
60.72647851562408,0.09185949189695297,2.279258129837381e-05
